2,경찰청,서울 중구 을지로 281,37.56706855,127.009899
3,경찰청,서울 중구 충무로2길 39,37.5623485,126.9956833
4,경찰청,서울 종로구 비봉길 13,37.6169095,126.9532145
7,경찰청,서울 종로구 돈화문로 28,37.57381,126.99117
8,경찰청,서울 용산구 청파로 274-2,37.5314891,126.9538856
10,경찰청,서울 용산구 신흥로 90,37.546128,126.9855719
11,경찰청,서울 용산구 이태원로 281,37.5346666,126.9972399
12,경찰청,서울 용산구 이촌로71길 24,37.5211598,126.9728621
15,경찰청,서울 성북구 보문로29길 92,37.5868048,127.0135568
17,경찰청,서울 성북구 동소문로 258,37.5900016,127.0093568
19,경찰청,서울 성북구 보국문로 87,37.6121881,127.0081801
20,경찰청,서울 성북로 25,37.5887689,127.0059776
21,경찰청,서울 동대문 고미술로 93,37.563476,127.0582719
22,경찰청,서울 동대문 한천로11길 30,37.5671421,127.0588169
23,경찰청,서울 동대문구 왕산로 5,37.58071815,127.0483329
24,경찰청,서울 동대문구 왕산로 95,37.5882804,127.0537215
27,경찰청,서울 동대문구 장한로18길 78,37.567088,127.0700726
28,경찰청,서울 동대문구 이문로 196,37.5892378,127.0548221
30,경찰청,서울 마포구 환일길 3,37.5539764,126.9605364
31,경찰청,서울 마포구 도화길 40,37.5411101,126.9496681
32,경찰청,서울 마포구 대흥로 85,37.55179,126.94474
33,경찰청,서울 마포구 신촌로18길 26,37.5551867,126.9350192
35,경찰청,서울 마포구 신촌로2안길 27,37.5566968,126.9294707
37,경찰청,서울 영등포구 버드나루로 1-1,37.5184093,126.9123808
38,경찰청,서울 영등포구 도신로 29길,37.5027128,126.893751
39,경찰청,서울 영등포구 신길로 179-2,37.5170643,126.9123677
42,경찰청,서울 성동구 마장로42길 11,37.56588,127.04575
43,경찰청,서울 성동구 고산자로 332,37.5535132,127.0346394
44,경찰청,서울 성동구 왕십리로5길 3,37.5461693,127.0445619
45,경찰청,서울 성동구 뚝섬로 364-1,37.5443338,127.0353777
46,경찰청,서울 성동구 왕십리로 341,37.56477,127.02792
47,경찰청,서울 성동구 독서당로 286-1,37.5541794,127.0338893
48,경찰청,서울 동작구 노량진로 248,37.5126128,126.9521543
50,경찰청,서울 동작구 장승배기로 73,37.5019652,126.9406298
51,경찰청,서울 동작구 성대로29길 61,37.500902,126.9376787
53,경찰청,서울 동작구 사당로17길 4,37.4867741,126.9713152
55,경찰청,서울 동작구 사당로 138,37.4949166,126.9595443
57,경찰청,서울 동작구 상도로 87,37.4941406,126.954949
58,경찰청,서울 광진구 자양로3가길 28,37.5293201,127.0844977
59,경찰청,서울 광진구 광나루로56길 4,37.53781,127.09669
60,경찰청,서울 은평구 은평로 28,37.5978858,126.9110031
61,경찰청,서울 은평구 증산서길 82,37.5837156,126.906922
62,경찰청,서울 은평구 수색로 261,37.5843564,126.8908337
63,경찰청,서울 은평구 가좌로7라길 1,37.5842158,126.9163517
64,경찰청,서울 은평구 연서로6길 19,37.6042829,126.9173657
65,경찰청,서울 강북구 솔매로49길 14,37.6270848,127.0270683
66,경찰청,서울 강북구 삼양로54길 51,37.62364,127.02552
67,경찰청,서울 강북구 도봉로 39,37.6244898,127.0270129
68,경찰청,서울 강북구 우이동 4-2,37.6575291,127.0089505
69,경찰청,서울 강북구 삼양로 457,37.6362342,127.0172796
70,경찰청,서울 금천구 문성로 38,37.4763804,126.9048481
72,경찰청,서울 금천구 독산로50길 105,37.4626429,126.9057116
73,경찰청,서울 금천구 금하로24다길 7,37.447675,126.9097162
75,경찰청,서울 금천구 시흥대로37길 18,37.44574565,126.9026215
76,경찰청,서울 금천구 한내로 69-17,37.4577072,126.8897671
77,경찰청,서울 중랑구 용마산로118길 103,37.60128375,127.1064615
78,경찰청,서울 중랑구 용마공원로5길 13,37.5946853,127.1017836
80,경찰청,서울 중랑구 면목로 275,37.5963518,127.0855162
81,경찰청,서울 중랑구 봉우재로6길 5,37.5896835,127.0762518
82,경찰청,서울 중랑구 봉우재로 93-5,37.5954934,127.0967874
83,경찰청,서울 중랑구 면목로66길 7,37.5864565,127.0901029
84,경찰청,서울 중랑구 용마산로 370,37.5847708,127.0946158
85,경찰청,서울 중랑구 동일로 792,37.6000886,127.0793834
86,경찰청,서울 영동대로 513,37.5118203,127.0591391
87,경찰청,서울 강남구 삼성로 761,37.5162779,127.0515537
89,경찰청,서울 관악구 봉천로 279,37.4831505,126.9532925
90,경찰청,서울 관악구 남부순환로239길 8,37.4791746,126.9618805
91,경찰청,서울 관악구 인헌6길 23,37.4740189,126.9656683
92,경찰청,서울 관악구 신원로 36,37.4808827,126.9277775
93,경찰청,서울 관악구 문성로25길 12-15,37.4793103,126.9262537
94,경찰청,서울 관악구 참숯1길 33,37.4780451,126.9405441
95,경찰청,서울 관악구 대학길 48,37.4672276,126.9375648
96,경찰청,서울 관악구 청림3마길 14-1,37.4910278,126.9581284
97,경찰청,서울 관악구 난곡로 180-1,37.471237,126.91996
98,경찰청,서울 강서구 까치산로 51,37.5423,126.84351
99,경찰청,서울 강서구 개화동로 275-1,37.5680732,126.80502
100,경찰청,서울 강동구 천중로 11-14,37.5411098,127.1389669
101,경찰청,서울 강동구 천호동 천호대로,37.539916,127.1209271
104,경찰청,서울 강동구 구천면로42길 59,37.5459447,127.1363735
105,경찰청,서울 강동구 천호옛길 68-1,37.5341,127.12377
108,경찰청,서울 성북구 장위로 82,37.61373,127.03915
109,경찰청,서울 성북구 한천로 701,37.6157805,127.0576818
110,경찰청,서울 성북구 화랑로 98,37.6047833,127.0449125
111,경찰청,서울 성북구 삼양로2길 70,37.6057904,127.0261832
112,경찰청,서울 성북구 종암로 88,37.6050202,127.0316407
113,경찰청,서울 구로구 경인로 577,37.5086803,126.8878654
114,경찰청,서울 구로구 신도림로 40,37.5068934,126.8787724
115,경찰청,서울 구로구 구일로 52,37.4938091,126.8718834
116,경찰청,서울 구로구 구로동로 141,37.4977827,126.8824666
117,경찰청,서울 구로구 중앙로 3,37.5032437,126.862125
118,경찰청,서울 구로구 고척로27길 27,37.5030493,126.8478999
119,경찰청,서울 구로구 경인로 293,37.5086803,126.8878654
122,경찰청,서울 서초구 주흥15길 41,37.5079041,127.0171073
123,경찰청,서울 서초구 나루터로 38,37.5149363,127.0140292
124,경찰청,서울 서초구 명달로 55,37.4881724,127.005404
125,경찰청,서울 서초구 염곡말길 9,37.4620698,127.0519786
126,경찰청,서울 서초구 바우뫼로 45,37.47548,127.03469
127,경찰청,서울 양천구 목동서로 11,37.5189381,126.8679725
131,경찰청,서울 양천구 목동동로 152,37.51983,126.87042
132,경찰청,서울 양천구 오목로5길 34,37.5240112,126.8402448
133,경찰청,서울 양천구 가로공원로 101,37.5353106,126.8248015
134,경찰청,서울 송파구 백제고분로 392,37.5058321,127.1083939
136,경찰청,서울 송파구 잠실로 51-29,37.5108725,127.1011299
139,경찰청,서울 송파구 중대로 18,37.494596,127.1205972
142,경찰청,서울 송파구 송파대로 567,37.5161906,127.0930921
143,경찰청,서울 송파구 성남대로 1576,37.47052985,127.1274583
144,경찰청,서울 노원구 공릉로 290,37.6393895,127.0693259
145,경찰청,서울 노원구 석계로 93,37.62,127.06322
146,경찰청,서울 노원구 초안산로 2,37.6285275,127.0553675
147,경찰청,서울 노원구 마들로 55,37.6369255,127.0581181
148,경찰청,서울 노원구 공릉로 189,37.6393895,127.0693259
149,경찰청,서울 노원구 중계로 139,37.64249,127.08331
152,경찰청,서울 서초구 방배로 40,37.4751703,127.0017707
153,경찰청,서울 서초구 신반포로15길 14,37.5041415,126.9945667
154,경찰청,서울 서초구 방배중앙로 131,37.4980529,126.9850847
155,경찰청,서울 은평구 불광로 129,37.61921,126.93248
156,경찰청,서울 은평구 통일로 914,37.5980916,126.9381778
157,경찰청,서울 은평구 갈현로 151,37.6086161,126.9114713
159,경찰청,서울 은평구 진관2로 125,37.63435325,126.9312998
160,경찰청,서울 은평구 진관4로 48-25,37.6441657,126.928929
163,경찰청,서울 강남구 역삼로 117,37.4995034,127.0476854
164,경찰청,서울 강남구 삼성로 236,37.49831245,127.0614078
165,경찰청,서울 강남구 밤고개로 99,37.4635131,127.1081027
166,경찰청,충장대로5번길 15,35.1090839,129.0377042
168,경찰청,부산 동래구 명륜로112번길 46,35.2011787,129.0932547
170,경찰청,부산 동래구 명장로 31,35.2053461,129.1032982
171,경찰청,부산 동래구 명서로 111,35.2109122,129.1010889
172,경찰청,부산 동래구 명안로10번길 100,35.1970809,129.1095576
173,경찰청,부산 동래구 금강공원로 70,35.2189749,129.0809334
174,경찰청,부산 동래구 아시아드대로 181,35.1949579,129.0664087
175,경찰청,부산 동래구 사직북로63번길 22,35.1992012,129.0575088
177,경찰청,부산 영도구 절영로 91,35.0749527,129.0731259
178,경찰청,부산 영도구 하나길 402,35.0801189,129.0442802
180,경찰청,부산 영도구 상리로 41,35.084532,129.0693009
181,경찰청,부산 영도구 하나길 813,35.0801189,129.0442802
182,경찰청,부산 영도구 봉래길 120,35.0920309,129.0525807
184,경찰청,부산 동구 중앙대로 200,35.1157262,129.0399028
200,경찰청,부산시 서구 망양로 61,35.1132313,129.0136823
201,경찰청,부산시 서구 낙동대로 2-2,35.1100996,129.0107826
202,경찰청,부산 남구 용호동 542-1,35.1190255,129.1126529
203,경찰청,남구 유엔평화로13번길 63,35.1337953,129.0932738
204,경찰청,남구 전포대로 104,35.140138,129.0671053
205,경찰청,남구 지게골로 17,35.1349941,129.0733189
206,경찰청,남구 용호로42번길 27,35.1225241,129.1096148
207,경찰청,남구 용호로159번길 15,35.1172753,129.1148861
208,경찰청,남구 유엔로 152,35.1268918,129.0804507
209,경찰청,수영구 수영로 446,35.1519231,129.1120424
210,경찰청,수영구 남천동로 76,35.141283,129.1119687
211,경찰청,수영구 수영로 553-7,35.1419284,129.1077796
212,경찰청,수영구 수영로 635,35.1519231,129.1120424
213,경찰청,수영구 무학로63번길 103,35.1639217,129.1197952
214,경찰청,해운대구 우동1로 56,35.1668237,129.1576976
215,경찰청,해운대구 해운대로81번길 117,35.189364,129.1210618
216,경찰청,해운대구 해운대로 612,35.1628685,129.1581133
217,경찰청,해운대구 중동1로37번길 22,35.1626097,129.1640343
218,경찰청,해운대구 양운로 39,35.166971,129.1772409
219,경찰청,해운대구 좌동순환로 20,35.16835205,129.1671308
220,경찰청,해운대구 재반로270번길 14,35.2017955,129.1339152
223,경찰청,사상구 가야대로 344,35.1503123,128.9840428
224,경찰청,사상구 모덕로 84,35.1825003,128.9793901
225,경찰청,사상구 사상로 509,35.1557118,128.9909862
226,경찰청,부산 사상구 가야대로255번길 15,35.1506696,129.0007567
227,경찰청,부산 금정구 구서동 458-2,35.2534821,129.0884377
228,경찰청,부산 금정구 금강로565번길 23,35.258077,129.0868646
237,경찰청,사하구 대티로 46,35.10722,129.0083764
238,경찰청,사하구 낙동대로 188,35.1055358,128.9689851
239,경찰청,사하구 낙동대로323번길 15,35.0993734,128.9814909
240,경찰청,사하구 낙동남로1423번길 106,35.1094098,128.9654868
241,경찰청,사하구 낙동대로390번길 5,35.1035706,128.9759891
242,경찰청,사하구 옥천로 91,35.0936848,129.0098203
243,경찰청,사하구 을숙도대로 721,35.0856105,128.9561585
244,경찰청,사하구 다대동로 66,35.0574206,128.973153
247,경찰청,연제구 월드컵대로165번길 70,35.1851651,129.0768666
248,경찰청,연제구 과정로 227,35.1877779,129.0997194
249,경찰청,연제구 거제대로286번길 6,35.1911721,129.078746
250,경찰청, 연제구 해맞이로 103,35.1771717,129.0673829
253,경찰청,부산광역시 북구 구포만세길 169,35.2083022,129.0004367
254,경찰청,부산광역시 북구 구남언덕로 1,35.2016796,128.9951996
255,경찰청,대구광역시 중구 명덕로 95,35.8565759,128.595102
257,경찰청,대구광역시 중구 동덕로 180,35.8687827,128.603983
258,경찰청,대구광역시 중구 명륜로 152,35.8606076,128.5945514
259,경찰청,대구광역시 중구 큰장로28길 2,35.8698024,128.5811669
260,경찰청,대구광역시 중구 종로 101,35.8683815,128.5918543
261,경찰청,대구광역시 동구 아양로 141,35.89207,128.64355
262,경찰청,대구광역시 동구 아양로39길 48-1,35.8875283,128.6342941
263,경찰청,대구광역시 동구 국채보상로159길 41,35.8701395,128.6145723
264,경찰청,대구광역시 동구 아양로7길 43,35.8869457,128.6171146
265,경찰청,대구광역시 동구 동부로 234,35.8773339,128.6295948
266,경찰청,대구광역시 동구 송라로2길 5,35.8697871,128.6219719
267,경찰청,대구광역시 동구 동대구로 527,35.88157,128.6254843
268,경찰청,대구광역시 동구 동촌로 390,35.8837949,128.6584573
269,경찰청,대구광역시 동구 동촌로 293,35.8837949,128.6584573
270,경찰청,대구광역시 동구 혁신대로 517,35.8771568,128.7181598
271,경찰청,대구광역시 서구 달서로 187-1,35.8860108,128.5745264
272,경찰청,대구광역시 서구 문화로49길 8,35.8773666,128.5592151
273,경찰청,대구광역시 서구 북비산로 261,35.8783823,128.5346037
274,경찰청,대구광역시 서구 큰장로 69,35.86666,128.5754
275,경찰청,대구광역시 서구 염색공단로 21,35.886808,128.5495219
276,경찰청,대구광역시  남구 대봉로,35.8532211,128.6029356
277,경찰청,대구광역시  남구 앞산순환로,35.8321268,128.5780163
278,경찰청,대구광역시  남구 성당로,35.8425993,128.5613922
279,경찰청,대구광역시  북구 칠성로,35.8794226,128.5956777
280,경찰청,대구광역시  북구 노원로,35.89808,128.57689
281,경찰청,대구광역시  북구 팔달로,35.8897805,128.5619394
282,경찰청,대구광역시  북구 검단로,35.9136715,128.6291862
283,경찰청,대구광역시  수성구 신매로,35.83433,128.70795
284,경찰청,대구광역시  수성구 시지로,35.8423836,128.6923219
285,경찰청,대구광역시  수성구 무열로,35.8589157,128.6461987
286,경찰청,대구광역시  수성구 범어천로,35.856474,128.6224319
287,경찰청,대구광역시  수성구 들안로54길,35.8534228,128.6201374
288,경찰청,대구광역시  수성구 용학로33길,35.8225676,128.6280172
289,경찰청,대구광역시  수성구 범안로,35.8558942,128.6805587
290,경찰청,대구광역시 수성구 들안로42길 17,35.8493885,128.6178287
291,경찰청,대구광역시  수성구 청호로,35.85672,128.64232
292,경찰청,대구광역시 달서구 한실로 115,35.8089001,128.5269853
293,경찰청,대구광역시 달서구 상원로 32,35.8193114,128.5309507
294,경찰청,대구광역시 달서구 상인로 21,35.8163455,128.5459409
295,경찰청,대구광역시 달서구 월배로 382,35.8109427,128.5159646
296,경찰청,대구광역시 달서구 월배로 16,35.8109427,128.5159646
297,경찰청,대구광역시 달성군 다사읍 달구벌대로,35.8546797,128.4368419
298,경찰청,대구광역시 북구 칠곡중앙대로 563,35.946456,128.550384
299,경찰청,대구광역시 북구 칠곡중앙대로 274,35.9055825,128.5471846
301,경찰청,인천 중구 참외전로 246,37.4796,126.6251642
302,경찰청,인천 동구 화도진로 61,37.4758266,126.6342833
303,경찰청,인천 중구 대무의로 294,37.3809121,126.4291857
304,경찰청,옹진군 자월면 승봉로 45-15,37.1693999,126.2937566
305,경찰청,인천 옹진군 자월면 대이작로,37.1717695,126.2615761
306,경찰청,옹진군 자월면 소이작로 44,37.1806108,126.2299387
314,경찰청,미추홀구 수봉로 14,37.4585584,126.6673229
315,경찰청,미추홀구 인하로 448,37.4484637,126.6735005
316,경찰청,미추홀구 인하로 150-1,37.4484637,126.6735005
317,경찰청,미추홀구 인하로 196,37.4484637,126.6735005
318,경찰청,남동구 용천로 19,37.4662583,126.7142282
319,경찰청,남동구 구월로131번길 40,37.4581805,126.7049594
320,경찰청,남동구 백범로 340,37.4582244,126.728444
322,경찰청,부평구 마장로 443,37.4862777,126.7078111
324,경찰청,인천 서구 거북로 118,37.5031967,126.6718117
326,경찰청,계양구 효서로 367,37.5274706,126.7417183
327,경찰청,계양구 계양대로 33,37.5239633,126.7221524
328,경찰청,계양구 장제로 885,37.558705,126.7456528
329,경찰청,계양구 마장로 557,37.5267374,126.7052005
330,경찰청,인천 강화군 삼산면 서검길,37.7308403,126.2366971
332,경찰청,연수구 먼우금로 289,37.4228183,126.6825676
333,경찰청,연수구 비류대로 215,37.4240809,126.6846563
336,경찰청,남동구 장도로 51,37.4004267,126.7372495
337,경찰청,광주광역시 동구 충장로 64,35.1492287,126.9146846
338,경찰청,광주광역시 서구 상무대로 777,35.1467308,126.848655
339,경찰청,광주광역시 서구 눌재로 258,35.11913,126.83226
341,경찰청,대전 중구 대종로 192,36.339034,127.4129864
343,경찰청,대전 동구 대전로 684,36.2732488,127.4694405
344,경찰청,대전 동구 우암로 190,36.338923,127.4319113
345,경찰청,동구 동대전로 166,36.3294409,127.4428334
346,경찰청,동구 용운로 124-1,36.3281731,127.4459578
347,경찰청,대전 서구 도화공원길 7,36.3161005,127.3808888
348,경찰청,대전 서구 벌곡로 672,36.301012,127.3548475
349,경찰청,서구 정림동로 8-5,36.3047817,127.3675929
350,경찰청,대덕구 동서대로 1819,36.3582669,127.4462101
352,경찰청,서구 월평서로 13-1,36.3548689,127.3577975
354,경찰청,유성구 농대로 20,36.3639854,127.3529943
356,경찰청,울산 중구 한울길 1,35.5605044,129.3271299
358,경찰청,중구 다운로 87,35.5812927,129.2652
359,경찰청,남구 장생포고래로 185,35.50186,129.3741
360,경찰청,남구 중앙로 25,35.1445891,126.9013213
362,경찰청,울산 울주군 두서면 인보로,35.6460393,129.161341
363,경찰청,세종시 연서면 당산로 347,36.5602402,127.2798919
364,경찰청,세종시 장군면 장척로 393,36.5001948,127.2160389
365,경찰청,세종시 소정면 소정구길 160,36.71822215,127.1568837
366,경찰청,수원시 장안구 영화로 46,37.2884326,127.0099851
367,경찰청,수원시 장안구 장안로115번길 38,37.2932974,126.9999896
368,경찰청,안양시 동안구 평촌대로 372,37.40393385,126.9498285
369,경찰청,현충로48번길 59,37.3926067,126.9247322
370,경찰청,냉천로193번길 36,37.3967415,126.9185395
371,경찰청,안양로372번길 9-10,37.4038206,126.9180716
372,경찰청,안양로532번길 17,37.4169077,126.9076293
377,경찰청,경기 성남시 중원구 둔촌대로,37.4301,127.1195882
390,경찰청,평택시 평택로 55,37.0003951,127.0782508
395,경찰청,이천시 단월로 53,37.2238729,127.4504168
396,경찰청,안성시 미양면 양지길 19,36.9763494,127.2149045
397,경찰청,안성시 고삼면 고삼호수로 9,37.0820782,127.2629437
398,경찰청,안성시 서운면 서운중앙길 43,36.94351,127.25888
402,경찰청,경기 의정부시 장곡로250번길 21,37.7261924,127.0540717
403,경찰청,경기도 고양시 일산동구 강송로,37.6483805,126.7879863
404,경찰청,경기 고양시 일산서구 대화로,37.6797598,126.7421778
405,경찰청,북한산로387번길 21,37.66161655,126.9491021
407,경찰청,춘천시 동산면 영서로 414,37.77425,127.76528
408,경찰청,강원 춘천시 삭주로 1,37.8836535,127.7422919
409,경찰청,춘천시 북산면 춘양로 1555,38.0347474,127.8748436
410,경찰청,춘천시 남면 소주고개로 8-1,37.7605837,127.626594
411,경찰청,춘천시 서면 박사로 266,37.8896195,127.688426
412,경찰청,강릉시 해안로 498,37.7916326,128.9192711
413,경찰청,강릉시 사천면 미노길 66,37.8216581,128.8495557
414,경찰청,강릉시 성산면 구산길 54,37.7161606,128.8313263
415,경찰청,원주시 소초면 치악로 2788,37.4169003,128.0008855
416,경찰청,원주시 귀래면 북원로 110,37.1808452,127.8844307
417,경찰청,원주시 호저면 호저로 404,37.4269479,127.9215758
418,경찰청,원주시 신림면 치악로 30,37.2579212,128.0410204
419,경찰청,동해시 대동로 375,37.4793928,129.1296225
420,경찰청,동해시 효자로 251,37.4896336,129.100203
421,경찰청,동해시 발한로 73,37.5385208,129.10194
422,경찰청,동해시 동해대로 6265,37.5326188,129.1039837
423,경찰청,태백시 역둔원동로 1412,37.2566745,128.9849302
424,경찰청,강원 속초시 중앙로 170,38.20536495,128.5929905
426,경찰청,양양군 손양면 손중로 177,38.0553143,128.6445933
427,경찰청,삼척시 중앙로 279,37.4495668,129.1631444
431,경찰청,삼척시 원덕읍 동해대로 77,37.1892115,129.3312028
433,경찰청,강원 영월군 상동읍 구래리,37.1451165,128.8384816
434,경찰청,영월군 한반도면 쌍용로 230,37.176755,128.3267904
436,경찰청,정선군 북평면 북평1길 43-15,37.4458575,128.6665945
437,경찰청,정선군 정선읍 정선로 569,37.3528,128.5721091
438,경찰청,정선군 신동읍 함백로 332,37.2162104,128.677602
439,경찰청,홍천군 동면 공작산로 491,37.6703,127.99483
440,경찰청,홍천군 북방면 두개비산로 328,37.7046268,127.8560291
441,경찰청,평창군 방림면 서동로 275,37.43165,128.29101
442,경찰청,평창군 미탄면 미탄중앙로 33,37.3393669,128.5032998
443,경찰청,평창군 방림면 서동로 1587,37.43165,128.29101
444,경찰청,평창군 용평면 경강로 2003-3,37.62887,128.48073
445,경찰청,횡성군 공근면 경강로 1520,37.5276144,127.9184081
446,경찰청,횡성군 공근면 영서로 239,37.5778028,127.9046383
448,경찰청,횡성군 갑천면 청정로 261,37.56678,128.11838
449,경찰청,횡성군 서원면 경강로 483,37.5281053,127.8374839
450,경찰청,고성군 현내면 금강산로 151,38.541512,128.4009127
451,경찰청,인제군 북면 설악로 3341,38.132855,128.2781013
452,경찰청,   인제군,38.0694,128.1706
453,경찰청,인제군 상남면 상남로 29,37.8732151,128.259475
454,경찰청,철원군 동송읍 오덕로 154,38.2323837,127.2403204
455,경찰청,철원군 서면 자등로 599,38.1500097,127.407469
456,경찰청,철원군 근남면 하오재로 2066,38.2384827,127.4713393
457,경찰청,충북 청주시 상당구 낭성,36.6222756,127.6028405
458,경찰청,충북 청주시 청원구 율천북로,36.6647105,127.4918167
459,경찰청,충북 청주시 청원구 북이면,36.7391287,127.5416696
461,경찰청,충북 충주시 신니면 신덕로,37.0017431,127.7057943
462,경찰청,충북 충주시 소태면 소태로,37.1053647,127.8369487
464,경찰청,충북 충주시 살미면 세성로,36.9010742,127.9674389
465,경찰청,충북 충주시 노은면 연하중앙길,37.0476441,127.7553776
466,경찰청,충북 충주시 조동1길 55,37.025887,127.9646258
468,경찰청,충북 제천시 송학면 송학로,37.1883685,128.2769317
470,경찰청,충북 제천시 수산면 월악로,36.9348832,128.1809813
471,경찰청,충북 제천시 한수면 미륵송계로6길,36.8847789,128.080519
472,경찰청,충북 음성군 원남면 보천로,36.87635,127.65451
473,경찰청,충북 음성군 소이면 대장로,36.923121,127.7565437
474,경찰청,충북 음성군 생극면 음성로,37.0490293,127.6023551
475,경찰청,충북 영동군 심천면 심천로,36.2365486,127.7221776
478,경찰청,충북 영동군 용화면 용화양강로,36.0694537,127.7377261
479,경찰청,충북 영동군 매곡면 민주지산로,36.1434013,127.8979507
480,경찰청,충북 증평군 도안면 화성로,36.819752,127.6121727
482,경찰청,충북 괴산군 청천면 문장로,36.6714651,127.8631425
483,경찰청,충북 괴산군 장연면 미선로,36.8217476,127.9513693
484,경찰청,충북 괴산군 사리면 모래재로,36.8008174,127.72715
485,경찰청,충북 괴산군 감물면 감물로,36.8702971,127.8616052
486,경찰청,충북 단양군 적성면 금수산로,36.9736002,128.2872983
487,경찰청,충북 단양군 어상천면 어상천로,37.105247,128.3521552
488,경찰청,충북 단양군 단성면 월악로,36.9329692,128.3174068
489,경찰청,충북 보은군 산외면 구티1길,36.5515046,127.7314652
490,경찰청,충북 보은군 수한면 안내보은로,36.4762803,127.7035646
491,경찰청,충북 보은군 탄부면 하장2길,36.4337593,127.7960506
492,경찰청,충북 보은군 장안면 보청대로,36.4832175,127.7569186
494,경찰청,충북 옥천군 군서면 성왕로,36.2655548,127.5221813
495,경찰청,충북 옥천군 안남면 연주길,36.35788,127.67476
496,경찰청,충북 진천군 진천읍 문진로,36.8424034,127.4168726
497,경찰청,충북 진천군 문백면 문진로,36.8095917,127.426582
498,경찰청,충북 진천군 백곡면 장터길,36.8832872,127.378259
499,경찰청,충남 천안시 동남구 목천읍,36.7850119,127.2346742
500,경찰청,충남 천안시 동남구 동면,36.7762,127.3443342
501,경찰청,충남 천안시 동남구 성남면,36.7424288,127.2369024
503,경찰청,서산시 지곡면 화천1로 98,36.871643,126.4367833
504,경찰청,서산시 음암면 운암로 385,36.79978375,126.5183012
505,경찰청,서산시 고북면 고북1로 298,36.6693674,126.532523
506,경찰청,서산시 운산면 운암로 1042,36.8144398,126.6004071
507,경찰청,서산시 인지면 무학로 1675,36.7296907,126.4152021
508,경찰청,아산시 외암로 1413,36.7428138,127.0147932
509,경찰청,아산시 송악면 송악로 793,36.7259105,127.0046323
511,경찰청,아산시 선장면 서부남로 13,36.7917986,126.9120847
512,경찰청,충청남도 논산시 은진면 매죽헌로,36.1510543,127.1228625
513,경찰청,충청남도 논산시 채운면 계백로588번길,36.1739316,127.062983
514,경찰청,충청남도 논산시 가야곡면 덕은로,36.1525352,127.1785556
515,경찰청,충청남도 논산시 광석면 광석로,36.2437143,127.0786387
516,경찰청,충청남도 논산시 성동면 성동로,36.2029958,127.0336198
517,경찰청,충청남도 논산시 벌곡면 황룡재로,36.2086297,127.2621974
518,경찰청,충청남도 논산시 부적면 계백로,36.2134536,127.16076
519,경찰청,충청남도 논산시 노성면 논산평야로,36.2755343,127.1278128
520,경찰청,공주시 의당로 323,36.4905385,127.1352227
521,경찰청,공주시 봉황로 172,36.4553739,127.1213209
522,경찰청,공주시 신풍길 93-2,36.5190971,126.9541797
523,경찰청,공주시 통산로 162,36.331438,127.0265633
524,경찰청,공주시 동학사1로 273,36.365092,127.2560241
525,경찰청,공주시 동대리길 75,36.469947,127.0552662
526,경찰청,충남 보령시 청라면 원모루길,36.3899509,126.6774811
536,경찰청,충남 보령시 주교면 울계큰길,36.3858319,126.5731587
537,경찰청,충남 보령시 청소면 청소큰길,36.4388569,126.5868394
538,경찰청,충청남도 당진시 우강면 평야2로,36.81369,126.78678
541,경찰청,충남 당진시 대호지면 4.4만세로,36.8886302,126.5268439
542,경찰청,충남 당진시 난지1길 359,37.044444,126.4236291
545,경찰청,충남 홍성군 은하면 은하로,36.5409159,126.5912975
546,경찰청,충남 홍성군 결성면 홍남서로,36.5252922,126.5467083
547,경찰청,충남 홍성군 장곡면 홍남동로,36.5045112,126.6916151
548,경찰청,충남 홍성군 홍북읍 홍북로,36.6393651,126.6905433
549,경찰청,충남 예산군 예산로 194,36.6827337,126.8270936
550,경찰청,충남 예산군 오가면 오가중앙로,36.6879714,126.7977013
551,경찰청,충남 예산군 응봉면 응봉로,36.6627625,126.7649744
552,경찰청,충남 예산군 고덕면 고덕중앙로,36.744414,126.7024174
553,경찰청,충남 예산군 봉산면 봉산로,36.7502951,126.6814891
554,경찰청,충남 예산군 신암면 추사고택로,36.7446959,126.8186788
555,경찰청,충남 예산군 신양면 청신로,36.6088029,126.8729017
556,경찰청,충남 예산군 대흥면 예당로,36.63004,126.78776
557,경찰청,부여군 옥산면 안골로 1,36.1907558,126.7311875
558,경찰청,부여군 양화면 입포로53번길 10-3,36.1355623,126.8805429
559,경찰청,부여군 충화면 팔충로 766,36.1815955,126.8281441
560,경찰청,부여군 장암면 장암로 7,36.2423409,126.8848165
561,경찰청,부여군 남면 남성로 422,36.21477,126.81164
562,경찰청,부여군 초촌면 초촌로 37,36.2631428,127.0211953
563,경찰청,부여군 내산면 성충로 1012,36.2964088,126.7607309
564,경찰청,충청남도 서천군 시초면 시초북로,36.1237398,126.758726
566,경찰청,충청남도 서천군 문산면 신농길24번길,36.1416037,126.7523065
567,경찰청,충청남도 서천군 마산면 삼일로265번길,36.1174994,126.7913528
568,경찰청,충청남도 서천군 종천면 충서로,36.109633,126.6374026
569,경찰청,충청남도 서천군 화양면 옥포길8번길,36.0371718,126.7824789
570,경찰청,충남 금산군 금성면 진산로,36.1253031,127.4673262
571,경찰청,충남 금산군 남이면 진악로,36.0739041,127.4474592
572,경찰청,충남 금산군 군북면 군북로,36.2009086,127.519577
573,경찰청,충남 금산군 부리면 무금로,36.0451461,127.5621269
574,경찰청,충남 금산군 남일면 금산로,36.0304598,127.5018212
575,경찰청,충남 청양군 대치면 칠갑산로,36.4386091,126.8547402
576,경찰청,충남 청양군 목면 안심길,36.42149,127.00706
577,경찰청,충청남도 청양군 청남면 명덕로,36.3561241,126.9519246
579,경찰청,충청남도 청양군 남양면 만수로,36.4072026,126.7847532
581,경찰청,태안군 이원면 원이로 1542,36.9187772,126.2977942
582,경찰청,전주시 완산구 세내로 552,35.7977708,127.1083404
591,경찰청,군산시 팔마로 60,35.9736765,126.7129295
593,경찰청,익산시 무왕로 1415,35.9290581,126.9170269
594,경찰청,전북 익산시 선화로 429,35.9500123,126.9374622
596,경찰청,익산시 번영로 2048-5,35.9146542,126.9314824
597,경찰청,익산시 인북로 302,35.95500845,126.9600973
598,경찰청,정읍시 내장산로 930-5,35.5552147,126.8737544
600,경찰청,정읍시 정우면 정신로 592,35.6675567,126.8882908
601,경찰청,정읍시 신태인읍 석지로 225,35.7162956,126.835197
603,경찰청,정읍시 고부면 영주로 542,35.6185527,126.7716967
604,경찰청,정읍시 덕천면 황토현로 304,35.6338075,126.8367318
605,경찰청, 남원시 쑥고개로 55,35.3885817,127.3903185
606,경찰청, 남원시 남문로 271,35.4049239,127.3603374
607,경찰청, 남원시 용성로 96-3,35.4093006,127.3769936
608,경찰청, 남원시 정령치로 93,35.3501495,127.5336667
609,경찰청, 남원시 요천로 2917,35.4432378,127.4243181
610,경찰청, 남원시 과리길 7,35.427471,127.4590042
611,경찰청,남원시 운교1길 22,35.4340797,127.3220789
612,경찰청, 남원시 덕과로 4,35.5319399,127.3649101
613,경찰청,남원시 요천로 823,35.4432378,127.4243181
614,경찰청, 남원시 고주로 620,35.3455437,127.3780112
615,경찰청,김제시 동서3길 57,35.7986901,126.8835098
616,경찰청,김제시 벽골제로 202,35.7862529,126.873893
617,경찰청,김제시 두월로 194,35.7966173,126.906596
618,경찰청,김제시 황산면 용마로 124,35.7921508,126.9393389
619,경찰청,김제시 청하면 만경로 1499,35.8815487,126.8273754
620,경찰청,김제시 성덕면 지평선로 88,35.8207208,126.7698884
621,경찰청,김제시 광활면 광활11길 38,35.8335653,126.7402788
622,경찰청,완주군 비봉면 천호로 566,35.9819251,127.1530425
623,경찰청,전라북도 완주군 경천면 대둔산로,36.046713,127.2620619
624,경찰청,완주군 동상면 동상로 1407,35.9184534,127.305975
625,경찰청,고창군 고수면 고인돌대로 1406,35.4082782,126.6771291
626,경찰청,고창군 상하면 상하로 84,35.44452085,126.4952564
627,경찰청,고창군 심원면 심원로 207,35.5208268,126.5462525
628,경찰청,고창군 성내면 시기1길 61,35.5383808,126.7361918
629,경찰청,고창군 신림면 신림로 178,35.4888052,126.7159841
630,경찰청,부안군 동진로 106,35.7451639,126.7347788
631,경찰청,부안군 백산로 339,35.7029164,126.7868992
632,경찰청, 부안군 변산로 117,35.72944515,126.7085248
633,경찰청,부안군 지서로 69,35.6659791,126.5305082
634,경찰청, 부안군 식도1길 4-5,35.6250574,126.28581
635,경찰청,임실군 삼계면 충효로 1286,35.5057931,127.2718057
636,경찰청, 임실군 성수면 임진로,35.6374854,127.3582349
637,경찰청, 임실군 지사면 충효로,35.5652618,127.3595742
638,경찰청, 임실군 청웅면 청웅로,35.5772093,127.2117455
639,경찰청,전북 임실군 신덕면 수지로,35.6834515,127.1974005
640,경찰청, 임실군 덕치면 인덕로,35.4754179,127.1522139
642,경찰청,순창군 유등면 유등로 385,35.3676382,127.1960495
643,경찰청,순창군 풍산면 금풍로 1027,35.3276121,127.1094212
644,경찰청,순창군 인계면 인덕로 221,35.410153,127.1409912
645,경찰청,순창군 금과면 금풍로 5,35.3276121,127.1094212
646,경찰청,순창군 적성면 적성로 143,35.4145499,127.1959679
647,경찰청,진안군 상전면 진성로 246,35.825743,127.5210073
650,경찰청,장수군 계남면 장수로 3073,35.7060784,127.5798737
651,경찰청, 무주군 적상면 괴목로,35.990765,127.6893226
652,경찰청,전남 목포시 달리길 361,34.7741452,126.3203732
673,경찰청,전남 신안군 압해읍 압해로,34.856871,126.3377078
674,경찰청,전남 여수시 성산로 43,34.7748204,127.6435559
675,경찰청,전남 여수시 소호로 644,34.75895985,127.6560118
677,경찰청,전남 여수시 돌산읍 돌산로,34.6776548,127.7645474
678,경찰청,전남 여수시 신월로 624,34.7385916,127.7243713
687,경찰청,전남 순천시 상사면 상사호길,34.9696289,127.4027236
688,경찰청,전남 순천시 월등면 월등로,35.077435,127.3613918
689,경찰청,전남 순천시 외서면 쌍향수길,34.9346506,127.2786981
690,경찰청,전남 나주시 다도면 다도로,34.9200978,126.8306945
691,경찰청,전남 나주시 세지면 동창로,34.9128,126.74945
692,경찰청,전남 나주시 문평면 안곡리,35.05113,126.59535
693,경찰청,전남 나주시 동강면 동강로,34.9332259,126.5587569
694,경찰청,전남 나주시 반남면 고분로,34.9005819,126.6486037
695,경찰청,전남 광양시 봉강면 조양길,35.0138762,127.5800285
696,경찰청,전남 광양시 진월면 선소중앙길,34.9777312,127.7587894
697,경찰청,전남 광양시 다압면 섬진강매화로,35.1133976,127.6914164
698,경찰청,전남 고흥군 두원면 두원로,34.67704,127.26204
699,경찰청,전남 고흥군 도덕면 고흥로,34.5737139,127.1901106
700,경찰청,전남 고흥군 도양읍 소록선창길,34.5200706,127.1344191
702,경찰청,전남 고흥군 남양면 남양희망길,34.7287047,127.3400412
703,경찰청,전남 고흥군 남양면 우주항공로,34.7264658,127.3365982
704,경찰청,전남 고흥군 동일면 우주로,34.508964,127.4609283
705,경찰청,전남 해남군 계곡면 해남로,34.6671587,126.6794431
708,경찰청,전남 무안군 몽탄면 몽탄로,34.9213214,126.4995625
709,경찰청,전남 장흥군 부산면 부산로,34.7337788,126.9121127
710,경찰청,전남 장흥군 유치면 유치로,34.8014287,126.8355792
711,경찰청,전남 장흥군 장동면 흥성로,34.7491241,126.9939727
712,경찰청,전남 보성군 웅치면 일림로,34.7132055,127.0180506
713,경찰청,전남 보성군 벌교읍 채동선로,34.8367038,127.3425031
715,경찰청,전남 보성군 문덕면 장운길,34.9283039,127.171523
716,경찰청,전남 보성군 득량면 충의로,34.7514843,127.1475799
717,경찰청,전남 보성군 율어면 율어로,34.86836,127.18149
718,경찰청,전남 보성군 노동면 광곡길,34.7962441,127.0732535
719,경찰청,전남 영광군 불갑면 함영로,35.2411487,126.5031821
720,경찰청,전남 영광군 묘량면 묘량로,35.2631257,126.5445115
721,경찰청,전남 영광군 군서면 군서로,35.25831,126.47423
722,경찰청,전남 영광군 낙월면 안마길,35.3466885,126.0235984
724,경찰청,전남 화순군 화순읍 화보로,35.0759503,126.9605153
725,경찰청,전남 화순군 춘양면 춘양로,34.9585054,126.9567552
727,경찰청,전남 화순군 도암면 천태로,34.9100788,126.8743036
728,경찰청,전남 화순군 청풍면 평지촌길,34.875548,126.9715551
729,경찰청,전남 화순군 이서면 적벽로,35.0935759,127.0889551
730,경찰청,전남 화순군 백아면 학천길,35.1665248,127.1277671
731,경찰청,전남 함평군 함평읍 주포로,35.0870717,126.4824559
732,경찰청,전남 함평군 엄다면 엄다길,35.0102293,126.5143612
733,경찰청,전남 함평군 신광면 신광중앙길,35.154121,126.4965106
734,경찰청,전남 영암군 덕진면 내촌길,34.8193308,126.6966793
735,경찰청,전남 영암군 삼호읍 녹색로,34.7638535,126.4712773
736,경찰청,전남 영암군 미암면 미중로,34.6989828,126.5715101
737,경찰청,전남 영암군 서호면 서호로,34.7552558,126.5870847
738,경찰청,전남 영암군 도포면 호산로,34.8522936,126.646339
739,경찰청,전남 영암군 금정면 용두로,34.8643432,126.7475914
740,경찰청,전남 장성군 황룡면 뱃나드리로,35.2907366,126.7701382
741,경찰청,전남 장성군 동화면 삼동로,35.27899,126.72683
742,경찰청,전남 장성군 서삼면 축령로,35.3499337,126.7560802
743,경찰청,전남 장성군 북하면 백양로,35.4119533,126.8824117
744,경찰청,전남 장성군 진원면 노사로,35.2652066,126.8386587
745,경찰청,전남 강진군 신전면 신전중앙길,34.5153213,126.7209527
746,경찰청,전남 강진군 병영면 병영성로,34.7231621,126.8158158
747,경찰청,전남 강진군 옴천면 옴천중앙로,34.7487307,126.7993269
748,경찰청,전남 강진군 대구면 청자로,34.5015876,126.7986433
749,경찰청,전남 담양군 용면 추령로,35.3647074,126.9867285
750,경찰청,전남 담양군 월산면 도개길,35.343182,126.9529508
751,경찰청,전남 담양군 봉산면 면앙정로,35.2719676,126.9564148
753,경찰청,전남 담양군 대덕면 대조동1길,35.2489783,127.0388626
754,경찰청,전남 담양군 무정면 무정로,35.2846726,127.0477223
755,경찰청,전남 곡성군  겸면,35.25109,127.17621
756,경찰청,전남 곡성군  목사동면,35.11125,127.29756
757,경찰청,전남 곡성군  고달면,35.3014319,127.3387072
758,경찰청,전남 곡성군  오산면,35.23403,127.12158
760,경찰청,전남 완도군 생일면 생일로,34.336547,126.9876463
761,경찰청,전남 완도군 고금면 고금로,34.4117944,126.8058212
767,경찰청,전남 진도군 군내면 진도대로,34.5582202,126.2963437
768,경찰청,전남 진도군 조도면 관매도길,34.2389326,126.046193
769,경찰청,전남 진도군 조도면 가사도길,34.4787361,126.0526522
770,경찰청,전남 진도군 조도면 동거차동육길,34.2397368,125.9401182
771,경찰청,전남 구례군 구례읍 섬진강로,35.1912917,127.404359
772,경찰청,전남 구례군 문척면 수달생태로,35.18794,127.51219
773,경찰청,전남 구례군 용방면 용방로,35.2566011,127.4265029
775,경찰청,경북 경주시 안강읍 호국로,35.9894407,129.2429029
776,경찰청, 포항시 북구 ,36.0434851,129.3686129
777,경찰청,포항시 북구  죽도로68번길,36.0323312,129.3687036
778,경찰청,포항시 북구 죽장로 1790,36.22789,129.20434
780,경찰청,포항시 남구 해동로 133,36.0337228,129.3706712
781,경찰청,포항시 남구 동해안로 6133,35.9914379,129.4379353
782,경찰청,구미시 송원동로 16,36.1188414,128.3470946
783,경찰청,구미시 1공단로 198-6,36.1020797,128.3820047
784,경찰청,구미시 금오산로5길 6-1,36.1275075,128.3383559
787,경찰청,경산시 중앙로 24,35.823694,128.7366022
789,경찰청,경북 경산시 남산면 하남로,35.7973313,128.8087433
790,경찰청,경산시 용성면 원효로 1415,35.7912518,128.8764795
791,경찰청,경산시 하양읍 대경로 107-4,35.880478,128.767078
793,경찰청,안동시 제비원로 217,36.5583549,128.7208139
794,경찰청,안동시 경동로 547,36.554877,128.7582194
795,경찰청,안동시 태사길 14-9,36.56499,128.73873
797,경찰청, 안동시 녹전면 녹전로,36.74171,128.77439
799,경찰청,김천시 양금로 229,36.10675,128.12101
800,경찰청,김천시 봉산면 예지송정길 17-7,36.1422663,128.0612373
801,경찰청,김천시 농소면 농남로 48,36.09132,128.23089
802,경찰청,경북 김천시 개령면 동부길,36.1660366,128.1875722
803,경찰청,김천시 감천면 금감로 1547,36.0835533,128.1224348
805,경찰청,김천시 증산면 증산로 945-21,35.8991378,128.0504101
806,경찰청,영주시 이산면 이산로 194,36.8238303,128.6663483
807,경찰청,영주시 구성로 260,36.8278462,128.6175085
809,경찰청,경북 영주시 평은면 신평로,36.7575831,128.6892837
811,경찰청,영주시 단산면 옥대로 34,36.9543739,128.6214055
815,경찰청,영천시 고경면 호국로 363,35.9901865,128.9985253
816,경찰청,상주시 북천로 67,36.4286039,128.1596511
817,경찰청,상주시 왕산로 119,36.4122349,128.1623874
818,경찰청,상주시 이안면 양범안룡길 31,36.5855462,128.1400459
819,경찰청,상주시 외서면 우산로 569,36.47354,128.12916
821,경찰청,상주시 외남면 석단로 933-8,36.3781359,128.1158104
823,경찰청,상주시 모서면 중화로 866,36.32686,127.96423
825,경찰청,문경시 신기1길 74,36.6368336,128.1686285
826,경찰청,경북 문경시 동로면 여우목로,36.7961525,128.2480732
828,경찰청,경북 문경시 호계면 막곡장터길,36.6308461,128.206104
831,경찰청,의성군 사곡면 의성사곡로 957,36.31754,128.76267
833,경찰청,의성군 단북면 단북다인로 166,36.39066,128.4009
834,경찰청,의성군 비안면 강변길 27,36.3284028,128.521274
835,경찰청,의성군 점곡면 점곡길 59,36.42506,128.76478
836,경찰청,의성군 구천면 소보안계로 1623,36.3243192,128.4326957
837,경찰청,경북 의성군 신평면 봉호로,36.41002,128.5299
838,경찰청,의성군 가음면 금성현서로 461,36.2294531,128.737025
840,경찰청,청도군 운문면 청려로 4731,35.7472432,128.9364657
841,경찰청,청도군 각북면 헐티로 802,35.6983326,128.5880704
842,경찰청,청도군 각남면 각남로 65,35.6446482,128.6673659
844,경찰청,영덕군 달산면 팔각산로 1823,36.33023,129.25444
845,경찰청,영덕군 창수면 창수영해로 17,36.5422441,129.3635222
846,경찰청,경북 울진군 매화면 매화로,36.9204136,129.384321
848,경찰청,봉화군 상운면 예봉로 1291,36.81648,128.74959
849,경찰청,봉화군 봉성면 봉명로 550-7,36.87496,128.82669
850,경찰청,봉화군 재산면 재산로 489,36.780064,128.9532775
851,경찰청,봉화군 법전면 법전로 85,36.91044,128.8714
852,경찰청,봉화군 춘양면 춘양로 1434,37.0452129,128.7941071
853,경찰청,예천군 유천면 예성로 699-6,36.6287467,128.3721775
855,경찰청,예천군 개포면 용개로 1005-6,36.6128803,128.3772216
856,경찰청,경북 예천군 효자면 도효자로,36.7975439,128.3809221
857,경찰청,성주군 월항면 주산로 360,35.95031,128.32194
859,경찰청,성주군 금수면 성주로 1881,35.9250297,128.1205093
860,경찰청,청송군 파천면 청송로 5533,36.4418771,129.0342122
861,경찰청,영양군 일월면 영양로 2383,36.73068,129.14941
864,경찰청,경상북도 군위군 삼국유사면 삼국유사로,36.1672247,128.8308798
865,경찰청,경상북도 군위군 우보면 이화길,36.1944827,128.6617772
866,경찰청,고령군 운용로 102,35.7634189,128.2837324
867,경찰청,고령군 덕곡면 덕운로 568,35.7691769,128.2451423
868,경찰청,고령군 개진면 개경포로 581-7,35.718501,128.3105208
869,경찰청,고령군 우곡면 도진3길 9,35.6776269,128.3411103
871,경찰청,경남 창원시 성산구 대원로,35.233451,128.6543319
872,경찰청,경남 창원시 성산구 용지로169번길,35.2319866,128.6782243
873,경찰청,창원시 의창구 의창대로 45,35.2680076,128.6404373
874,경찰청,창원시 의창구 읍성로34번길 2,35.2639882,128.6222263
875,경찰청,창원시 마산합포구 자산서11길 92,35.2051017,128.5612571
876,경찰청,창원시 마산합포구 진북면 삼진의거대로,35.1274933,128.4980861
877,경찰청,창원시 마산회원구 구암서3길 82,35.2487677,128.5914904
878,경찰청,진주시 진주대로 942,35.196716,128.0551854
879,경찰청,진주시 명석면 나불로 291,35.2144395,128.0448505
880,경찰청,진주시 내동면 순환로 386,35.1538475,128.0808337
881,경찰청,진주시 집현면 진주성로 748,35.2442462,128.0721265
882,경찰청,진주시 금곡면 월아산로 119,35.1376138,128.1706114
883,경찰청,진주시 이반성면 오봉산로 716,35.1771991,128.3298718
884,경찰청,진주시 진성면 동부로 1336-1,35.1885029,128.2256354
885,경찰청,진주시 사봉면 사군로 109,35.19124,128.27218
886,경찰청,진주시 대평면 한들길 53,35.2301285,127.9621277
887,경찰청,진주시 미천면 진산로 1815,35.3084723,128.0862186
891,경찰청,경남 양산시 원동면 원동마을길,35.365129,128.9181649
892,경찰청,경남 거제시 사등면 성포로,34.9184274,128.5341993
893,경찰청,경남 거제시 사등면 거제대로,34.8976341,128.5043136
894,경찰청,경남 거제시 일운면 지세포로,34.8279096,128.7060786
895,경찰청,경남 거제시 하청면 하청로,34.9567109,128.6551665
896,경찰청,경남 거제시 둔덕면 하둔길,34.838649,128.5066295
897,경찰청,경남 거제시 남부면 다대7길,34.7336193,128.6314307
898,경찰청,창원시 진해구 여좌천로 64-1,35.1530168,128.6591961
899,경찰청,경남 창원시 진해구 웅천로166번길,35.1102358,128.7486628
900,경찰청,통영시 도산면 도산일주로 40,34.903,128.36064
901,경찰청,사천시 서부시장길 85,34.927981,128.0707304
902,경찰청,사천시 삼상로 309,34.942025,128.1032786
904,경찰청,경남 사천시 축동면 서삼로,35.0806463,128.0385592
905,경찰청,경남 밀양시 초동면 초동로,35.39451,128.6927
906,경찰청,밀양시 초동면 초동로 115,35.39451,128.6927
907,경찰청,밀양시 청도면 청도로 101,35.5491926,128.6247026
908,경찰청,거창군 덕유월성로 2317,35.777484,127.818664
909,경찰청,거창군 거안로 835,35.6998853,127.8547064
910,경찰청,거창군 용암로 19,35.7632785,127.9937254
912,경찰청,경남 거창군 영서로 81,35.6642728,127.9444979
913,경찰청,경남 합천군 율곡면 대야로,35.5933904,128.1805828
916,경찰청,경남 합천군 적중면 적중로,35.5504775,128.2763387
917,경찰청,경남 합천군 용주면 황계폭포로,35.51539,128.07143
918,경찰청,경남 합천군 청덕면 동부로,35.5603579,128.3220701
920,경찰청,경남 합천군 덕곡면 율지2길,35.6148761,128.359057
921,경찰청,경남 합천군 쌍백면 평구3길,35.439052,128.1480411
922,경찰청,경남 합천군 묘산면 묘산로,35.6581268,128.1089847
923,경찰청,경남 합천군 가회면 황매산로,35.4377586,128.0284955
924,경찰청,경남 창녕군 장마면 강리길,35.4588145,128.4751526
925,경찰청,경남 창녕군 계성면 영산계성로,35.467926,128.5157535
927,경찰청,경남 창녕군 길곡면 낙동로,35.3831422,128.553185
928,경찰청,경남 창녕군 성산면 성산로,35.60699,128.5204
929,경찰청,경남 창녕군 대지면 우포2로,35.5489583,128.4819316
930,경찰청,경남 창녕군 고암면 창밀로,35.56407,128.50654
933,경찰청,고성군 삼산면 공룡로 2141-5,34.9514339,128.251677
934,경찰청,고성군 마암면 옥천로 233-10,35.0546012,128.3391766
935,경찰청,경남 고성군 하일면 공룡로,34.91539,128.16163
936,경찰청,고성군 하일면 공룡로 1040,34.91539,128.16163
937,경찰청,고성군 개천면 옥천로 1274,35.1029412,128.2507266
938,경찰청,고성군 영현면 대가로 1677,35.0499654,128.2642973
939,경찰청,하동군 청암면 청학로 ,35.2042186,127.778536
940,경찰청,경남 하동군 북천면 경서대로,35.1089722,127.8754697
941,경찰청,경남 하동군 양보면 진양로,35.0456499,127.8465059
942,경찰청,하동군 고전면 하동읍성로 333,35.0208125,127.8177959
943,경찰청,남해군 이동면 무림로 86,34.7994632,127.9550528
944,경찰청,남해군 서면 남서대로 1637,34.8584,127.81761
945,경찰청,남해군 창선면 동부대로 3017,34.8375354,128.0067379
946,경찰청,남해군 상주면 남해대로 717,34.7430852,127.9629704
947,경찰청,남해군 설천면 남해대로 4223,34.8956286,127.8721902
948,경찰청,경남 남해군 설천면 설천로,34.9175989,127.9170324
949,경찰청,경남 함양군 지곡면 지곡창촌길,35.5645583,127.7781235
950,경찰청,경남 함양군 휴천면 함양남서로,35.47353,127.75908
951,경찰청,함양군 휴천면 함양남서로 526,35.47353,127.75908
952,경찰청,함양군 서하면 함양남서로 3945,35.6418744,127.6908384
953,경찰청,산청군 생초면 생초로 23,35.4929106,127.8366789
954,경찰청,산청군 금서면 친환경로 2535,35.4176452,127.8635334
955,경찰청,산청군 오부면 산수로 553,35.4593153,127.8622277
956,경찰청,산청군 생비량면 비량로 47,35.3457523,128.0461799
957,경찰청,산청군 차황면 신차로 1798,35.4648934,127.9327327
959,경찰청,경남 함안군 산인면 산인로,35.2721591,128.4422482
960,경찰청,경남 함안군 칠북면 칠북로,35.34662,128.52142
964,경찰청,경남 의령군 대의면 대의로,35.3714543,128.1094024
966,경찰청,경남 의령군 용덕면 의합대로,35.33263,128.28988
967,경찰청,경남 의령군 봉수면 대한로,35.47132,128.26934
968,경찰청,경남 의령군 낙서면 낙서로,35.4817943,128.3675462
969,경찰청,제주시 임항로 128,33.5195024,126.5363536
970,경찰청,제주시 김녕로 84,33.5540258,126.7637526
971,경찰청,제주 제주시 용문로 120,33.5046986,126.5007956
972,경찰청,제주시 한림로 248-1,33.4061884,126.256492
974,경찰청,제주시 고산로 39-3,33.3068231,126.1784493
975,경찰청,제주시 중산간서로 3006,33.3648155,126.289333
976,경찰청,서귀포시 중앙로101번길 9-1,33.2536789,126.5583887
977,경찰청,서귀포시 가파로 83,33.16738385,126.2741067
980,경찰청,서귀포시 태위로 141,33.2791883,126.7194007
981,경찰청,서귀포시 일주동로 5122,33.4094625,126.8981539
983,소방청,서울특별시 종로구 자하문로 93,37.5843269,126.9700319
984,소방청,서울특별시 종로구 돈화문로 30,37.5704372,126.9922206
985,소방청,서울특별시 종로구 대학로 91,37.57919165,127.0018084
986,소방청,서울특별시 종로구 진흥로 477,37.6085078,126.9555338
987,소방청,서울특별시 종로구 숭인동길 63,37.5761285,127.0218207
989,소방청,서울특별시 중구 퇴계로 394,37.5649203,127.0154061
992,소방청,서울특별시 중구 다산로8길 2(신당동),37.5529772,127.0096343
993,소방청,서울특별시 광진구 광나루로 480,37.5448355,127.082865
994,소방청,서울특별시 광진구 능동로 242,37.5340314,127.0678046
995,소방청,서울특별시 광진구 용마산로 150,37.5678699,127.0861846
996,소방청,서울특별시 용산구 한강대로 167,37.5447751,126.9719446
997,소방청,서울특별시 용산구 이태원로 196,37.5344928,126.9944907
998,소방청,서울특별시 용산구 후암로 34,37.5541994,126.9727301
999,소방청,서울특별시 용산구 이촌로2가길 1,37.5284646,126.9534976
1000,소방청,서울특별시 용산구 서빙고로67길 7,37.5226318,126.9943294
1001,소방청,서울특별시 동대문구 장한로 34,37.5787324,127.0722115
1002,소방청,서울특별시 동대문구 왕산로 299,37.5755453,127.0233508
1003,소방청,서울특별시 동대문구 황물로 3,37.5763315,127.0460351
1004,소방청,서울특별시 동대문구 왕산로 76,37.5755453,127.0233508
1005,소방청,서울특별시 동대문구 망우로 106,37.5907012,127.0651693
1006,소방청,서울특별시 영등포구 문래로 197,37.518478,126.9004253
1007,소방청,서울특별시 영등포구 의사당대로 162,37.5242788,126.9219406
1008,소방청,서울특별시 영등포구 양평로 70-1,37.534826,126.9000655
1009,소방청,서울특별시 영등포구 도림로 212,37.5000592,126.9056685
1010,소방청,서울특별시 영등포구 영등포로84길 31,37.5110301,126.9219823
1011,소방청,서울특별시 성북구 종암로27길 3,37.6016104,127.0281382
1012,소방청,서울특별시 성북구 보문로 192,37.5818506,127.0212579
1013,소방청,서울특별시 성북구 정릉로 321,37.6042302,127.0267498
1014,소방청,서울특별시 성북구 한천로 640,37.6218796,127.0518597
1015,소방청,서울특별시 은평구 통일로 962,37.62867155,126.9197965
1016,소방청,서울특별시 은평구 은평로 245,37.599088,126.9159238
1017,소방청,서울특별시 은평구 갈현로 80,37.6032751,126.9104102
1018,소방청,서울특별시 은평구 수색로 320,37.5774108,126.9026094
1019,소방청,서울특별시 강남구 테헤란로 629,37.51035425,127.0668818
1020,소방청,서울특별시 강남구 도산대로 320,37.5181047,127.0240811
1021,소방청,서울특별시 강남구 역삼로 236,37.4971992,127.041991
1022,소방청,서울특별시 강남구 광평로31길 6,37.485454,127.089687
1024,소방청,서울특별시 강남구 밤고개로 268,37.4649875,127.1083055
1025,소방청,서울특별시 서초구 사평대로 67,37.5030582,127.0199592
1026,소방청,서울특별시 서초구 남부순환로 2155,37.4738296,126.9935686
1027,소방청,서울특별시 서초구 동산로 9,37.4696368,127.0414121
1028,소방청,서울특별시 서초구 효령로 400,37.4880529,127.026779
1029,소방청,서울특별시 서초구 서초중앙로29길 6,37.4987971,127.0105465
1030,소방청,서울특별시 서초구 남부순환로340길 49,37.4808093,127.0226798
1031,소방청,서울특별시 강서구 양천로 550,37.5733429,126.8165938
1032,소방청,서울특별시 강서구 까치산로 49,37.5436462,126.8451928
1033,소방청,서울특별시 강서구 강서로 329,37.555264,126.8369283
1034,소방청,서울특별시 강서구 금낭화로26길 10,37.5799342,126.8154457
1035,소방청,서울특별시 강서구 개화동로19길 8,37.5752407,126.8033115
1036,소방청,서울특별시 강서구 마곡서로 9,37.5646888,126.8244827
1037,소방청,서울특별시 강동구 성내로 39,37.52893,127.12503
1038,소방청,서울특별시 강동구 진황도로 37,37.527768,127.1441185
1039,소방청,서울특별시 강동구 양재대로156길 133,37.5563113,127.1487911
1040,소방청,서울특별시 강동구 올림픽로 815,37.5385448,127.1234736
1041,소방청,서울특별시 강동구 천중로 215,37.5408198,127.1441083
1042,소방청,서울특별시 강동구 고덕로98길 22,37.55734505,127.1797126
1043,소방청,서울특별시 마포구 창전로 76,37.5450919,126.9313447
1045,소방청,서울특별시 마포구 양화로 60,37.5572088,126.9241038
1046,소방청,서울특별시 마포구 월드컵북로 240,37.5694153,126.9057035
1047,소방청,서울특별시 마포구 만리재옛길 82,37.5462915,126.9556926
1048,소방청,서울 마포구 월드컵로42길 34,37.581096,126.8789712
1049,소방청,서울특별시 도봉구 도봉로 666,37.6641149,127.0430471
1050,소방청,서울특별시 도봉구 도봉로 721,37.6620125,127.042384
1051,소방청,서울특별시 도봉구 해등로 25,37.6580186,127.0329046
1052,소방청,서울특별시 도봉구 노해로 152,37.6511525,127.0453491
1053,소방청,서울특별시 구로구 오리로 1285,37.4819986,126.8454005
1054,소방청,서울특별시 구로구 경인로 408,37.5044962,126.8818819
1055,소방청,서울특별시 구로구 고척로 195,37.5040205,126.852967
1056,소방청,서울특별시 구로구 구로동로 175,37.4943056,126.8829728
1057,소방청,서울특별시 구로구 경인로59길 57,37.5071639,126.8819096
1058,소방청,서울특별시 구로구 디지털로34길 56,37.48425395,126.8984938
1059,소방청,서울특별시 노원구 한글비석로1길 8,37.63850185,127.070962
1060,소방청,서울특별시 노원구 노원로26길 111,37.654195,127.0717057
1061,소방청,서울특별시 노원구 화랑로 482,37.6164883,127.072494
1062,소방청,서울특별시 노원구 월계로 323,37.63186,127.0617
1063,소방청,서울특별시 노원구 동일로 1694,37.6175709,127.075671
1064,소방청,서울특별시 관악구 관악로 97,37.4673034,126.9494116
1065,소방청,서울특별시 관악구 은천로 54,37.4868596,126.9477174
1066,소방청,서울특별시 관악구 봉천로 202,37.4850073,126.9396646
1067,소방청,서울특별시 관악구 난곡로 243,37.4683168,126.9201938
1068,소방청,서울특별시 송파구 오금로51길 56,37.4974155,127.1410704
1069,소방청,서울특별시 송파구 마천로 329,37.49418535,127.1518655
1070,소방청,서울특별시 송파구 강동대로 286,37.5287657,127.1092124
1071,소방청,서울특별시 송파구 석촌호수로 151,37.5139175,127.0849709
1072,소방청,서울특별시 송파구 올림픽로 25,37.51502615,127.0737253
1073,소방청,서울특별시 송파구 양재대로 932,37.4964535,127.1134771
1074,소방청,서울특별시 양천구 목동서로 180,37.5220673,126.8689204
1075,소방청,서울특별시 양천구 신월로 268,37.5137896,126.8269819
1076,소방청,서울특별시 양천구 안양천로 1139,37.5426318,126.8835107
1077,소방청,서울특별시 양천구 남부순환로 448,37.5164721,126.8397705
1078,소방청,서울특별시 양천구 신정로 238,37.5065557,126.8333583
1079,소방청,서울특별시 중랑구 신내로 183,37.6000642,127.0970247
1080,소방청,서울특별시 중랑구 동일로 475,37.5986537,127.0798699
1081,소방청,서울특별시 중랑구 용마산로 524,37.5976998,127.1006364
1082,소방청,서울특별시 중랑구 동일로 783,37.6004368,127.0792971
1083,소방청,서울특별시 동작구 여의대방로16길 55,37.4958516,126.9166439
1084,소방청,서울특별시 동작구 노량진로 187,37.5127724,126.9524964
1085,소방청,서울특별시 동작구 국사봉1길 17,37.4989724,126.9299617
1086,소방청,서울특별시 동작구 사당로 63,37.4879612,126.9664481
1087,소방청,서울특별시 서대문구 연희로 182,37.5738203,126.9343253
1088,소방청,서울특별시 서대문구 증가로 242,37.5705757,126.9305063
1089,소방청,서울특별시 서대문구 홍은중앙로 83,37.5926203,126.9448195
1090,소방청,서울특별시 서대문구 북아현로 37,37.5657789,126.9512727
1091,소방청,서울특별시 강북구 한천로 911,37.62518,127.04868
1092,소방청,서울특별시 강북구 삼각산로 111,37.6408474,127.017533
1093,소방청,서울특별시 강북구 도봉로 125,37.6410017,127.0289955
1094,소방청,서울특별시 강북구 솔샘로 208,37.6198711,127.015538
1099,소방청,서울특별시 금천구 시흥대로45길 31,37.4484875,126.9002379
1113,소방청,부산광역시 연제구 고분로 216(연산동),35.1843174,129.1054987
1125,소방청,부산 북구 금곡동 54-2,35.2585765,129.0138853
1136,소방청,부산광역시 해운대구 대천로67번길 35(좌동),35.1736553,129.166428
1144,소방청,부산광역시 남구 수영로 279(대연동),35.136236,129.0971377
1152,소방청,부산광역시 기장군 정관읍 용수로,35.3296262,129.1727251
1153,소방청,부산광역시 기장군 기장읍 차성동로5번길,35.2383678,129.2152819
1158,소방청,부산광역시 동구 충장대로 286(좌천동),35.1256567,129.0522261
1160,소방청,대구광역시 중구 달구벌대로 1926,35.8630187,128.6030681
1161,소방청,대구광역시 중구 경상감영길 45,35.8708028,128.5859117
1162,소방청,대구광역시 남구 희망로3길 29,35.8489612,128.5995804
1163,소방청,대구광역시 중구 큰장로26길 45,35.8690066,128.5787967
1164,소방청,대구광역시 중구 공평로 35,35.8718438,128.6008643
1165,소방청,대구광역시 남구 명덕로34길 22,35.8512502,128.5876779
1166,소방청,대구광역시 남구 대명남로 12-1,35.83491,128.5687085
1167,소방청,대구광역시 동구 동대구로 507,35.88157,128.6254843
1168,소방청,대구광역시 동구 해동로 180,35.8887194,128.6447463
1169,소방청,대구광역시 동구 반야월로 291,35.8720368,128.7159352
1170,소방청,대구광역시 동구 팔공로50길 19,35.9214899,128.6434145
1171,소방청,대구광역시 동구 팔공산로 1579,35.9855708,128.6557071
1172,소방청,대구광역시 동구 율하동로8길 5,35.8642676,128.7031519
1173,소방청,대구광역시 서구 달서천로 186,35.8840572,128.5353753
1174,소방청,대구광역시 서구 국채보상로 119,35.8684927,128.5336388
1175,소방청,대구광역시 북구 칠곡중앙대로 570,35.9055825,128.5471846
1176,소방청,대구광역시 서구 서대구로3길 16,35.8588698,128.5524342
1177,소방청,대구광역시 서구 달서로 206,35.8860108,128.5745264
1178,소방청,대구광역시 북구 칠곡중앙대로 184,35.9055825,128.5471846
1179,소방청,대구광역시 북구 구암로 155,35.9448731,128.5756839
1180,소방청,대구광역시 북구 한강로 105,35.8972366,128.5150879
1181,소방청,대구광역시 북구 칠성남로 112,35.878507,128.5910379
1182,소방청,대구광역시 북구 침산남로 149,35.8881839,128.591649
1183,소방청,대구광역시 북구 노원로 42,35.89808,128.57689
1184,소방청,대구광역시 북구 대현로 105,35.88504,128.6045597
1185,소방청,대구광역시 북구 호국로43길 21,35.9211002,128.5984662
1186,소방청,대구광역시 북구 유통단지로8길 88,35.90515,128.61174
1187,소방청,대구광역시 수성구 청호로 87,35.8585524,128.6458291
1188,소방청,대구광역시 수성구 달구벌대로 2658,35.8553191,128.6521379
1189,소방청,대구광역시 수성구 동대구로12길 41,35.8352917,128.6269014
1190,소방청,대구광역시 수성구 파동로51길 5,35.822805,128.6090805
1191,소방청,대구광역시 달성군 가창면 가창로,35.7816898,128.6438221
1192,소방청,대구광역시 수성구 들안로60길 30,35.857094,128.6189939
1193,소방청,대구광역시 수성구 무열로 139,35.8589157,128.6461987
1194,소방청,대구광역시 수성구 고산로 105,35.83554,128.70414
1195,소방청,대구광역시 달서구 학산로 75,35.82706,128.53116
1196,소방청,대구광역시 달서구 대명천로 134,35.83951,128.54479
1197,소방청,대구광역시 달서구 월배로 262,35.8308193,128.5515522
1198,소방청,대구광역시 달서구 도원로 8,35.8069053,128.5356829
1199,소방청,대구광역시 달성군 현풍읍 비슬로,35.6726403,128.4472837
1200,소방청,대구광역시 달성군 논공읍 논공중앙로33길,35.7308908,128.4526634
1201,소방청,대구광역시 달성군 화원읍 화암로,35.803604,128.5132476
1202,소방청,대구광역시 달성군 구지면 달성2차로,35.639812,128.4143115
1203,소방청,대구광역시 달성군 옥포읍 돌미로,35.7810676,128.4446769
1204,소방청,대구광역시 달성군 다사읍 달구벌대로,35.8502151,128.4451926
1205,소방청,대구광역시 달서구 성서로 357,35.8540989,128.5072909
1206,소방청,대구광역시 달서구 와룡로 222,35.8435651,128.5370638
1207,소방청,대구광역시 달서구 달서대로58길 129,35.8248138,128.4999423
1208,소방청,대구광역시 달성군 다사읍 달구벌대로,35.8502151,128.4451926
1209,소방청,인천광역시 중구 인중로 204,37.4658167,126.6301919
1210,소방청,인천광역시 동구 방축로 39,37.4833557,126.6571263
1211,소방청,인천광역시 동구 샛골로 133,37.4787027,126.6451742
1212,소방청,인천광역시 동구 제물량로 396,37.4833376,126.625164
1213,소방청,인천 중구 축항대로118번길 108,37.4468764,126.6047529
1215,소방청,인천광역시 남동구 인주대로 714,37.4468611,126.7532992
1216,소방청,인천광역시 남동구 백범로 207,37.4660586,126.7101483
1217,소방청,인천광역시 남동구 경인로 621,37.4689386,126.7079776
1218,소방청,인천광역시 남동구 매소홀로 1044,37.4380388,126.7611663
1219,소방청,인천광역시 남동구 서창방산로 61,37.4211177,126.7459963
1220,소방청,인천광역시 부평구 부평대로 324,37.505711,126.7212829
1221,소방청,인천광역시 부평구 부평대로 8,37.505711,126.7212829
1222,소방청,인천광역시 부평구 경원대로 1111,37.4904109,126.7111313
1223,소방청,인천광역시 부평구 마장로 198,37.4852568,126.7081018
1224,소방청,인천광역시 부평구 부개로 6,37.4978824,126.7397012
1225,소방청,인천광역시 부평구 충선로 252,37.5131841,126.7352436
1227,소방청,인천광역시 서구 백범로678번길 17,37.4817751,126.6823916
1228,소방청,인천광역시 서구 가정로 333-1,37.5098929,126.6724561
1230,소방청,인천광역시 서구 완정로 191,37.598073,126.6666388
1231,소방청,인천 서구 대촌로 6,37.5951585,126.6323738
1232,소방청,인천광역시 서구 승학로 474,37.5662747,126.679783
1233,소방청,인천광역시 서구 원당대로 881,37.5895714,126.6486084
1234,소방청,인천광역시 서구 청라한내로 77,37.5288371,126.6280985
1235,소방청,인천광역시 서구 북항로32번길 47-5,37.5109376,126.6459104
1236,소방청,인천광역시 남동구 남동서로 208,37.3964598,126.6837769
1238,소방청,인천광역시 남동구 비류대로 667,37.4205923,126.7420741
1239,소방청,인천광역시 연수구 앵고개로 241,37.4045033,126.6776101
1240,소방청,인천광역시 남동구 소래역로 109,37.40530395,126.7296686
1241,소방청,인천광역시 남동구 에코중앙로 86,37.3884163,126.7224896
1242,소방청,인천광역시 계양구 장제로 774,37.5599282,126.7450359
1243,소방청,인천 계양구 주부토로 557,37.5362748,126.7280044
1244,소방청,인천광역시 계양구 장기서로 14,37.5763407,126.7337584
1245,소방청,인천광역시 계양구 효서로 96-1,37.5274448,126.7420373
1246,소방청,인천광역시 미추홀구 인하로 190,37.4484637,126.6735005
1247,소방청,인천광역시 미추홀구 한나루로 607,37.4554978,126.6700026
1248,소방청,인천광역시 미추홀구 장고개로 85,37.4717582,126.6675227
1249,소방청,인천광역시 미추홀구 독배로 376,37.462093,126.6433357
1250,소방청,인천광역시 미추홀구 인하로 450,37.4484637,126.6735005
1251,소방청,인천광역시 미추홀구 석정로 51,37.4675072,126.674115
1252,소방청,인천광역시 강화군 불은면 중앙로,37.6992251,126.4302936
1253,소방청,인천광역시 강화군 강화읍 남문로23번길,37.7396926,126.4869277
1254,소방청,인천광역시 강화군 길상면 마니산로,37.6418775,126.4887946
1255,소방청,인천광역시 강화군 내가면 강화서로,37.7294432,126.3884692
1256,소방청,인천광역시 중구 제2터미널대로 268,37.4692893,126.4384425
1257,소방청,인천광역시 중구 흰바위로27번길 16,37.4939748,126.4881135
1258,소방청,인천광역시 중구 운남로 116,37.487931,126.5333762
1261,소방청,인천광역시 연수구 해돋이로 92,37.3953656,126.644771
1262,소방청,인천광역시 영흥면 영흥로 283-32,37.2545716,126.4635012
1263,소방청,인천광역시 연수구 센트럴로 412,37.4102937,126.6287317
1280,소방청,광주광역시 북구 북문대로 202(동림동),35.1857085,126.8675028
1288,소방청,대전광역시 동구 계족로 300,36.3493563,127.4308778
1289,소방청,대전광역시 동구 태전로 134,36.3432976,127.4180312
1290,소방청,대전광역시 동구 대전천동로 508,36.334232,127.4247707
1291,소방청,대전광역시 중구 대종로 373,36.3054099,127.4488835
1292,소방청,대전광역시 동구 산내로 1328,36.2284732,127.4480369
1294,소방청,대전광역시 서구 갈마중로 15,36.3476493,127.3723185
1295,소방청,대전광역시 중구 동서대로 1235,36.3316935,127.4106002
1296,소방청,대전광역시 서구 문정로 142,36.3447273,127.3800633
1297,소방청,대전광역시 서구 청사로 27,36.36031665,127.3668982
1299,소방청,대전광역시 대덕구 계족로 682,36.3775363,127.4271419
1300,소방청,대전광역시 대덕구 대화로 81,36.3673441,127.4116704
1301,소방청,대전광역시 대덕구 신탄진로 661,36.4523278,127.4287914
1303,소방청,대전광역시 대덕구 동춘당로 65,36.3676112,127.431763
1304,소방청,대전광역시 유성구 대덕대로 516,36.37913655,127.3790346
1305,소방청,대전광역시 유성구 엑스포로 486-11,36.3761637,127.4010181
1306,소방청,대전광역시 유성구 월드컵대로 263,36.3484271,127.34776
1307,소방청,대전광역시 유성구 궁동로 35,36.3640523,127.3506884
1308,소방청,대전광역시 유성구 노은로 101,36.3855967,127.3209453
1309,소방청,대전광역시 서구 복수서로 67,36.30932695,127.3723569
1311,소방청,대전광역시 중구 산성로 59,36.3080989,127.395576
1312,소방청,대전광역시 서구 용소로 46,36.3083196,127.3491661
1314,소방청,울산광역시 중구 종가로 205,35.5697828,129.3309465
1315,소방청,울산 중구 젊음의거리 6,35.55326515,129.3167366
1316,소방청,울산광역시 중구 구교로 226,35.5641228,129.3422294
1317,소방청,울산광역시 중구 태화로 111,35.5556709,129.2762755
1318,소방청,울산광역시 남구 삼산중로 149,35.5443456,129.3356496
1319,소방청,울산광역시 남구 여천로 81-33,35.5246588,129.3435111
1321,소방청,울산광역시 남구 매암로 18,35.50975,129.3772006
1322,소방청,울산광역시 남구 문수로 89,35.5384447,129.2669623
1323,소방청,울산광역시 남구 사평로 161,35.50235,129.32892
1324,소방청,울산광역시 남구 대공원입구로21번길 20,35.5342643,129.2919311
1325,소방청,울산광역시 동구 꽃바위2가길 9,35.4828355,129.4131531
1326,소방청,울산광역시 동구 방어진순환도로 601,35.49551675,129.4269801
1327,소방청,울산광역시 동구 진성4가길 8,35.5100828,129.4290055
1328,소방청,울산광역시 북구 화동로 178,35.5927614,129.3694338
1329,소방청,울산광역시 북구 아진로 72,35.62994595,129.3407709
1330,소방청,울산광역시 북구 오토밸리로 1024,35.64868915,129.3595325
1331,소방청,울산광역시 북구 염포로 769,35.542726,129.3851591
1332,소방청,울산광역시 북구 산하중앙2로 231,35.6372514,129.4399657
1333,소방청,울산광역시 울주군 온산읍 덕신로,35.43703,129.28884
1334,소방청,울산광역시 울주군 온양읍 온양로,35.4141696,129.276405
1335,소방청,울산광역시 울주군 웅촌면 곡천검단로,35.45842,129.19419
1336,소방청,울산광역시 울주군 온산읍 공단로,35.4042919,129.3460194
1337,소방청,울산광역시 울주군 언양읍 남천둑길,35.55993,129.1323
1338,소방청,울산광역시 울주군 범서읍 구영앞길,35.5683261,129.2367119
1339,소방청,울산광역시 울주군 두서면 인보로,35.6459712,129.1609687
1340,소방청,세종특별자치시 조치원읍 세종로 2439,36.60483015,127.288923
1341,소방청,세종특별자치시 전의면 서정길 46-6,36.6969506,127.1891351
1342,소방청,세종특별자치시 부강면 청연로 7,36.5312016,127.3692713
1343,소방청,세종특별자치시 연서면 도신고복로 306,36.6063164,127.233955
1345,소방청,세종특별자치시 보듬3로 119(아름동),36.512175,127.2468972
1347,소방청,세종특별자치시 남세종로 436(보람동),36.47834565,127.2924496
1348,소방청,세종특별자치시 장군면 장척로 391,36.5000579,127.2094118
1350,소방청,경기도 수원시 영통구 중부대로,37.2685431,127.0682853
1352,소방청,경기도 수원시 영통구 도청로,37.2903905,127.0489225
1355,소방청,경기도 수원시 팔달구 매산로,37.2692373,127.0081467
1356,소방청,경기도 수원시 팔달구 경수대로,37.268971,127.0275615
1357,소방청,경기도 수원시 권선구 서호동로,37.2681883,126.986043
1362,소방청,경기도 성남시 중원구 둔촌대로,37.4301,127.1195882
1364,소방청,경기도 성남시 수정구 헌릉로,37.4655717,127.135277
1368,소방청,경기도 성남시 분당구 운중로,37.388341,127.1013871
1369,소방청,경기도 성남시 분당구 백현로,37.375105,127.1126986
1374,소방청,경기도 부천시 부일로 346,37.4888188,126.7402849
1377,소방청,경기도 부천시 장말로 113,37.4941841,126.7455811
1379,소방청,경기도 부천시 범안로 127,37.4570689,126.8148109
1382,소방청,경기도 안양시 동안구 관평로212번길,37.3964005,126.9609863
1384,소방청,경기도 안양시 동안구 동편로13번길,37.4083872,126.9714383
1386,소방청,경기도 안양시 동안구 평촌대로,37.3946033,126.954131
1392,소방청,경기도 안산시 상록구 충장로,37.2851315,126.8562744
1393,소방청,경기도 안산시 단원구 번영1로,37.3221454,126.7314652
1398,소방청,경기도 용인시 처인구 명지로,37.2309836,127.1881504
1399,소방청,경기도 용인시 기흥구 신구로,37.2726513,127.1095378
1400,소방청,경기도 용인시 수지구 풍덕천로,37.3191509,127.0888483
1401,소방청,경기도 용인시 처인구 양지면,37.2354917,127.2798585
1403,소방청,경기도 용인시 처인구 포곡읍,37.2778094,127.2308608
1406,소방청,경기도 용인시 처인구 백암면,37.1634125,127.3754054
1407,소방청,경기도 용인시 기흥구 동백6로,37.2765107,127.1564165
1421,소방청,경기 광명시 목감로 306,37.4915954,126.8657737
1422,소방청,경기도 광명시 범안로 1025,37.4418581,126.8377256
1423,소방청,경기도 광명시 목감로 34,37.4915954,126.8657737
1424,소방청,경기도 시흥시 정왕신길로 206,37.3573347,126.7277494
1425,소방청,경기도 시흥시 대은로 4,37.4403342,126.7928784
1426,소방청,경기도 공단1대로259번길 1,37.3372292,126.7315123
1432,소방청,경기도 화성시 동탄반석로 188,37.1928523,127.078696
1433,소방청,경기도 화성시 동탄신리천로 359,37.1891444,127.0816663
1434,소방청,경기도 화성시 병점중앙로 148,37.2088829,127.0403629
1438,소방청,경기도 이천시 경충대로 2739,37.1303888,127.6075746
1439,소방청,경기도 이천시 경충대로 1973,37.1303888,127.6075746
1442,소방청,경기도 김포시 감암로 111,37.6371499,126.7103637
1443,소방청,경기 김포시 양촌읍 양곡1로,37.652649,126.6241722
1444,소방청,경기도 김포시 김포한강8로 196,37.63967305,126.6442813
1445,소방청,경기도 김포시 대곶면 수남로,37.6313592,126.5836043
1446,소방청,경기도 김포시 통진읍 김포대로,37.6848259,126.608263
1447,소방청,경기도 김포시 고촌읍 은행영사정로,37.6069529,126.7841406
1448,소방청,경기도 김포시 하성면 하성로,37.7200805,126.6341462
1449,소방청,경기도 광주시 초월읍 무들로,37.378738,127.3076815
1452,소방청,경기도 광주시 곤지암읍 도척로,37.3468719,127.3359766
1454,소방청,경기도 안성시 미양로 855,37.0003563,127.2560613
1456,소방청,경기도 안성시 죽산면 장원공단길,37.0693764,127.4235451
1457,소방청,경기도 안성시 공도읍 공도로,37.0004237,127.1730372
1463,소방청,경기도 의왕시 안양판교로 187,37.3945341,126.9856727
1466,소방청,경기도 오산시 경기대로 99,37.13349565,127.0706337
1467,소방청,경기도 오산시 청학로 55-6,37.1579312,127.0663739
1468,소방청,경기도 여주시 우암로 110,37.2872546,127.6202943
1470,소방청,경기도 여주시 북내면 도예로,37.3167951,127.6557233
1471,소방청,경기도 양평군 양평읍 경강로,37.5029942,127.4695354
1472,소방청,경기도 양평군 강상면 송학길,37.4782968,127.4663011
1473,소방청,경기도 양평군 용문면 연수로,37.5030333,127.572016
1477,소방청,경기도 고양시 덕양구 고양대로,37.6471343,126.875079
1478,소방청,경기도 고양시 덕양구 토당로,37.628151,126.8197344
1479,소방청,경기도 고양시 덕양구 오금로,37.66301,126.8943857
1480,소방청,경기도 고양시 덕양구 소원로,37.6146849,126.8296185
1481,소방청,경기도 고양시 덕양구 중앙로,37.6265725,126.8309096
1482,소방청,경기도 고양시 일산동구 중앙로,37.664767,126.768976
1483,소방청,경기도 고양시 일산동구 장백로,37.6407789,126.7892356
1484,소방청,경기도 고양시 일산서구 주화로,37.6734754,126.7511152
1485,소방청,경기 고양시 일산동구 중산로,37.6800035,126.7817763
1486,소방청,경기 고양시 일산동구 성현로,37.6937364,126.8539523
1487,소방청,경기도 고양시 일산서구 중앙로,37.6781054,126.7430595
1488,소방청,경기 고양시 일산동구 숲속마을로,37.6726142,126.7984861
1489,소방청,경기도 고양시 일산동구 태극로,37.6616626,126.7527804
1490,소방청,경기도 의정부시 금오로23번길 22-40,37.7548873,127.0680406
1491,소방청,경기도 의정부시 의정로 48,37.7428286,127.0347071
1494,소방청,경기도 남양주시 평내동 평내로,37.6440158,127.2367619
1495,소방청,경기도 남양주시 진접읍 금강로,37.6751323,127.1538928
1496,소방청,경기도 남양주시 진건읍 진건오남로,37.6732465,127.2021784
1497,소방청,경기도 남양주시 화도읍 수레로1260번길,37.6498734,127.3040587
1498,소방청,경기도 남양주시 와부읍 덕소로97번길,37.5879317,127.218382
1499,소방청,경기 남양주시 송산로 41,37.7084194,127.1109574
1500,소방청,경기도 남양주시 오남읍 진건오남로,37.6788568,127.2072445
1502,소방청,경기도 파주시 파주읍 통일로,37.8325314,126.7915183
1503,소방청,경기도 파주시 가나무로 136,37.7541497,126.7709075
1504,소방청,경기도 파주시 법원읍 화합로,37.8458593,126.8713617
1505,소방청,경기도 파주시 광탄면 혜음로,37.776222,126.8506112
1506,소방청,경기도 파주시 탄현면 필승로,37.7733142,126.6985632
1507,소방청,경기도 파주시 월롱면 엘씨디로,37.8068919,126.7736182
1508,소방청,경기도 파주시 청석로 301,37.7332067,126.7194411
1509,소방청,경기도 파주시 적성면 감악산로,37.9431938,126.9440602
1510,소방청,파주시 와석순환로 90,37.7246845,126.742069
1514,소방청,경기도 포천시 호국로 1538,37.7984563,127.12794
1516,소방청,경기도 포천시 영북면 영북로,38.0783341,127.2750226
1518,소방청,경기도 포천시 포천로 890,37.8180222,127.2112611
1520,소방청,경기도 포천시 영중면 양문로,38.0038153,127.2443055
1521,소방청,경기도 포천시 호국로 1007-33,37.7984563,127.12794
1522,소방청,경기도 양주시 꿈나무로 156,37.79598875,126.9893696
1523,소방청,경기도 양주시 화합로 1272,37.8394991,127.0942824
1524,소방청,경기도 양주시 광적면 광적로,37.8407909,126.9677057
1525,소방청,경기도 양주시 고덕로 266,37.802951,127.0661571
1526,소방청,경기도 양주시 남면 삼육사로,37.9042056,126.9917255
1527,소방청,경기도 양주시 장흥면 일영로,37.6768262,126.9227051
1531,소방청,경기도 가평군 가평읍 가화로,37.8343161,127.5111421
1533,소방청,경기도 가평군 설악면 한서로,37.66944,127.51413
1534,소방청,경기도 연천군 전곡읍 평화로,38.0438081,127.068366
1535,소방청,경기도 연천군 백학면 통구리,38.01404,126.9293
1536,소방청,경기도 연천군 전곡읍 전곡로,38.0267735,127.0677922
1537,소방청,경기도 연천군 연천읍 차현로,38.0990706,127.0765695
1539,소방청,강원도 춘천시 가연길16번길 16,37.8791527,127.722019
1540,소방청,강원도 춘천시 효명길 8,37.8735629,127.7324225
1541,소방청,강원도 춘천시 동내면 고은길,37.8419586,127.7760111
1542,소방청,강원 춘천시 남산면 소주고개로,37.7799788,127.645749
1543,소방청,강원도 춘천시 신북읍 신북로,37.9488147,127.7490386
1545,소방청,강원도 원주시 명륜동 832,37.3361041,127.9446787
1546,소방청,강원도 원주시 학성길 122,37.3556726,127.9359293
1547,소방청,강원도 원주시 강변로 255,37.3304591,127.9614456
1548,소방청,강원도 원주시 신림면 치악로,37.2579212,128.0410204
1549,소방청,강원도 원주시 우산공단길 9,37.3809954,127.9409512
1550,소방청,강원도 원주시 태장공단길 4,37.401498,127.952762
1551,소방청,강원도 원주시 문막읍 문막시장1길,37.3069927,127.8168845
1552,소방청,강원도 원주시 흥업면 북원로,37.2926624,127.9128447
1553,소방청,강원도 원주시 지정면 가곡리,37.359823,127.86018
1560,소방청,강원도 강릉시 옥계면 현내시장길,37.6017838,129.028306
1567,소방청,강원도 태백시 동태백로 552,37.0965624,129.0473833
1568,소방청,강원도 태백시 태백로 814,37.2063565,128.941706
1569,소방청,강원도 속초시 미시령로 3226,38.2037091,128.521203
1570,소방청,강원도 속초시 번영로 188,38.2096015,128.5881059
1572,소방청,강원도 삼척시 봉황로 101,37.4494522,129.1697517
1574,소방청,강원도 삼척시 원덕읍 삼척로,37.1771759,129.3333757
1576,소방청,강원도 홍천군 홍천읍 공작산로,37.6914715,127.8976859
1577,소방청,강원도 홍천군 남면 시동로,37.6040847,127.7911549
1578,소방청,강원도 홍천군 서석면 풍암길2길,37.7174381,128.1899889
1579,소방청,강원도 홍천군 서면 팔봉산로,37.6613393,127.6552425
1580,소방청,강원도 횡성군 횡성읍 문예로,37.4845118,127.9754235
1581,소방청,강원도 횡성군 둔내면 고원남로,37.5018589,128.2343219
1582,소방청,강원도 횡성군 우천면 서동로,37.4454977,128.0905788
1583,소방청,강원도 횡성군 공근면 영서로,37.5755522,127.9214864
1584,소방청,강원도 영월군 영월읍 영월로,37.1899015,128.4559014
1585,소방청,강원도 영월군 주천면 송학주천로,37.23678,128.24074
1588,소방청,강원도 평창군 진부면 진부로,37.6460255,128.5642489
1589,소방청,강원도 평창군 봉평면 기풍로,37.6033289,128.3773852
1590,소방청,강원도 평창군 대관령면 올림픽로,37.6691599,128.7056518
1591,소방청,강원도 평창군 대화면 평창대로,37.4487867,128.4368231
1592,소방청,강원도 정선군 정선읍 녹송로,37.3788775,128.6727982
1593,소방청,강원도 정선군 고한읍 강원남로,37.2006271,128.8580067
1594,소방청,강원도 정선군 신동읍 의림로,37.2113578,128.6424239
1595,소방청,강원도 정선군 임계면 송계4길,37.4956978,128.8531691
1596,소방청,강원도 정선군 사북읍 하이원길,37.2177037,128.8146016
1597,소방청,강원도 철원군 갈말읍 태봉로,38.1888953,127.2946218
1599,소방청,강원도 철원군 서면 약수로,38.2459813,127.4359897
1602,소방청,강원도 양구군 양구읍 중심로,38.1079348,127.9889938
1603,소방청,강원도 인제군 인제읍 비봉로,38.0668482,128.1737459
1605,소방청,강원도 인제군 북면 원통로,38.1106814,128.1961223
1606,소방청,강원도 인제군 기린면 대내로,37.9702383,128.2986478
1607,소방청,강원도 고성군 간성읍 수성로,38.3771696,128.4672258
1608,소방청,강원도 고성군 토성면 동해대로,38.2561376,128.5566642
1609,소방청,강원도 고성군 거진읍 수외길,38.4422024,128.4530052
1610,소방청,강원도 양양군 양양읍 남대천로,38.0661157,128.6194924
1613,소방청,충청북도 청주시 상당구 영운로,36.6234934,127.4958395
1614,소방청,충청북도 청주시 청원구 밀레니엄1로,36.6803381,127.4785781
1615,소방청,충청북도 청주시 상당구 상당로,36.6372218,127.4902556
1616,소방청,충청북도 청주시 상당구 문의면,36.5178005,127.4962429
1617,소방청,충청북도 청주시 청원구 내수읍,36.7239491,127.5354705
1618,소방청,충청북도 청주시 청원구 오창읍,36.74238405,127.4545023
1619,소방청,충청북도 청주시 흥덕구 가경로,36.6301953,127.43644
1620,소방청,충북 청주시 흥덕구 공단로,36.6341965,127.4473138
1621,소방청,충청북도 청주시 서원구 산미로,36.6036486,127.4698353
1622,소방청,충청북도 청주시 서원구 사직대로,36.6351487,127.4647679
1623,소방청,충청북도 청주시 서원구 청남로,36.5647177,127.4506741
1624,소방청,충청북도 청주시 흥덕구 오송생명3로,36.6228833,127.3291453
1625,소방청,충청북도 충주시 목행산단7로 9,37.0049629,127.9217336
1626,소방청,충청북도 충주시 호암대로 13,36.9592395,127.9280155
1627,소방청,충청북도 충주시 동수10길 1,36.9827564,127.9352745
1629,소방청,충청북도 충주시 수안보면 관동길,36.8486292,127.997615
1630,소방청,충북 충주시 주덕읍 신양로,36.9729438,127.7980109
1631,소방청,충청북도 충주시 앙성면 가곡로,37.1073324,127.7554376
1632,소방청,충청북도 제천시 신죽하로 164,37.160415,128.214153
1633,소방청,충청북도 제천시 강명길 17,37.1190211,128.2029113
1635,소방청,충청북도 보은군 보은읍 남부로,36.4992152,127.7173492
1636,소방청,충청북도 보은군 속리산면 법주사로,36.5307438,127.8214534
1637,소방청,충청북도 보은군 마로면 관기,36.43564255,127.8160572
1638,소방청,충청북도 옥천군 옥천읍 동부로,36.3061791,127.5746452
1639,소방청,충청북도 옥천군 청산면 남부로,36.30997,127.81643
1640,소방청,충청북도 영동군 영동읍 영동황간로,36.1646916,127.7816878
1641,소방청,충청북도 영동군 황간면 황간로,36.23553,127.90186
1642,소방청,충청북도 영동군 학산면 서산로,36.0972499,127.683908
1643,소방청,충청북도 증평군 충청대로 1789,36.7917552,127.6031604
1644,소방청,충청북도  진천군 진천읍,36.8548027,127.4414303
1645,소방청,충청북도  진천군 덕산읍,36.8968631,127.5060402
1646,소방청,충청북도  진천군 광혜원면,36.9766198,127.4297044
1647,소방청,충청북도 괴산군 괴산읍 괴강로,36.8081917,127.8150521
1649,소방청,충청북도 음성군 금왕읍 응천서길,36.9910502,127.5951339
1650,소방청,충청북도 음성군 음성읍 음성로,36.9299183,127.6778408
1651,소방청,충청북도 음성군 대소면 오산로,36.9692896,127.4857219
1652,소방청,충청북도 음성군 감곡면 음성로,37.1119366,127.6435469
1653,소방청,충청북도 음성군 삼성면 금일로,37.0191657,127.4915376
1654,소방청,충청북도 단양군 단양읍 삼봉로,36.9908745,128.3630283
1655,소방청,충청북도 단양군 매포읍 평동4로,37.0310792,128.2952118
1656,소방청,충청남도 천안시 동남구 천안대로,36.7590251,127.1714965
1657,소방청,충청남도 천안시 동남구 목천읍,36.7850119,127.2346742
1658,소방청,충청남도 천안시 동남구 병천면,36.766599,127.3026998
1659,소방청,충청남도 천안시 동남구 청수14로,36.785058,127.1550142
1661,소방청,충청남도 천안시 서북구 직산읍,36.878102,127.1489664
1662,소방청,충청남도 천안시 서북구 성거읍,36.8780677,127.197568
1663,소방청,충청남도 천안시 서북구 양지18길,36.8120018,127.1397305
1664,소방청,충청남도 천안시 서북구 1공단2길,36.8274503,127.1466358
1665,소방청,충청남도 천안시 서북구 성환읍,36.9158842,127.1251269
1666,소방청,충청남도 천안시 서북구 월봉로,36.8032529,127.1189653
1667,소방청,충청남도 천안시 서북구 입장면,36.907842,127.2231241
1668,소방청,충청남도 천안시 서북구 직산읍,36.878102,127.1489664
1669,소방청,충청남도 천안시 서북구 불당23로,36.8184651,127.1059714
1670,소방청,충청남도 공주시 무령로 55,36.4566827,127.1358409
1671,소방청,충청남도 공주시 유구읍 유구외곽로,36.5632,126.94115
1672,소방청,충청남도 공주시 의당로 31,36.47499825,127.1299047
1673,소방청,충청남도 공주시 반포면 동학사1로,36.3708603,127.2610073
1675,소방청,충청남도 공주시 정안면 광정장터길,36.6080392,127.1238856
1676,소방청,충청남도 보령시 성주산로 63,36.3362294,126.650415
1677,소방청,충청남도 보령시 대천항로 205,36.3160915,126.5169294
1678,소방청,충청남도 보령시 웅천읍 충서로,36.2364941,126.5956648
1679,소방청,충청남도 보령시 오천면 충청수영로,36.44258,126.53725
1680,소방청,충청남도 보령시 주포면 질재로,36.4061605,126.6063136
1681,소방청,충청남도 아산시 모종로 77,36.78610885,127.0255772
1682,소방청,충청남도 아산시 충무로 1848,36.7932419,127.0083271
1683,소방청,충청남도 아산시 인주면 공세길,36.8829225,126.9173322
1684,소방청,충청남도 아산시 신창면 순천향로,36.764401,126.9567703
1685,소방청,충청남도 아산시 배방읍 배방로,36.7711343,127.077983
1686,소방청,충청남도 아산시 탕정면 탕정면로,36.807,127.0596663
1687,소방청,충청남도 아산시 배방읍 용연로,36.7847185,127.0931825
1689,소방청,충청남도 서산시 대산읍 망일산로,36.9397172,126.4360476
1690,소방청,충청남도 서산시 학동3로 52,36.7871614,126.4612419
1691,소방청,충청남도 서산시 해미면 성지3길,36.7101282,126.5428061
1692,소방청,충청남도 서산시 부석면 강경벌로,36.7185771,126.391907
1693,소방청,충청남도 서산시 성연면 성연5로,36.8188156,126.4498905
1694,소방청,충청남도 논산시 대학로 17,36.1782677,127.1003892
1695,소방청,충청남도 논산시 해월로 155,36.2090761,127.0967249
1696,소방청,충청남도 논산시 강경읍 동안로,36.1411223,127.0577432
1697,소방청,충청남도 논산시 연산면 관창로,36.212321,127.1784494
1698,소방청,충청남도 논산시 연무읍 동안로,36.1347887,127.1004404
1700,소방청,충청남도 계룡시 두마면 사계로,36.2684527,127.2666259
1701,소방청,충청남도 당진시 역천로 838,36.87704,126.6117
1703,소방청,충청남도 당진시 우강면 중방로,36.8146816,126.7641467
1704,소방청,충청남도 당진시 송악읍 송악로,36.9310321,126.7231061
1707,소방청,충청남도 금산군 금산읍 삼풍로,36.0949282,127.4839708
1708,소방청,충청남도 금산군 추부면 삼육로,36.193736,127.469028
1709,소방청,충청남도 금산군 진산면 읍내로,36.1423229,127.3676138
1711,소방청,충청남도 부여군 부여읍 북포로,36.3074308,126.9297082
1712,소방청,충청남도 부여군 홍산면 북토로,36.2143729,126.7631794
1714,소방청,충청남도 부여군 외산면 만수로,36.33243,126.7239605
1715,소방청,충청남도 서천군 장항읍 장항로,36.0066253,126.7059214
1716,소방청,충청남도 서천군 서천읍 충절로49번길,36.0767681,126.6881811
1717,소방청,충청남도 서천군 비인면 비인로,36.1410086,126.6024329
1718,소방청,충청남도 서천군 서면 부사로,36.19751,126.54766
1719,소방청,충청남도 서천군 한산면 충절로,36.1018168,126.8299764
1720,소방청,충청남도 서천군 판교면 대백제로,36.1608822,126.6910544
1721,소방청,충청남도 청양군 청양읍 충절로,36.4427794,126.7948886
1722,소방청,충청남도 청양군 정산면 서정4길,36.4164779,126.9481551
1723,소방청,충청남도 홍성군 홍성읍 충절로,36.5997081,126.6657308
1724,소방청,충청남도 홍성군 광천읍 충서로,36.5087294,126.6179224
1725,소방청,충청남도 홍성군 홍성읍 충서로,36.6012979,126.6530012
1726,소방청,충청남도 홍성군 홍북읍 의향로,36.6588254,126.6817725
1728,소방청,충청남도 예산군 오가면 오가중앙로,36.6879714,126.7977013
1729,소방청,충청남도 예산군 예산읍 예당관광로,36.6691489,126.8247542
1730,소방청,충청남도 예산군 삽교읍 삽교로1길,36.6878107,126.7377018
1731,소방청,충청남도 예산군 덕산면 도청대로,36.6885115,126.676308
1732,소방청,충청남도 태안군 태안읍 동백로,36.7458737,126.3124013
1733,소방청,충청남도 태안군 안면읍 장터로,36.5261819,126.3457757
1734,소방청,충청남도 태안군 원북면 원이로,36.8073688,126.2601392
1736,소방청,전라북도 전주시 덕진구 백제대로,35.8361183,127.1244505
1737,소방청,전라북도 전주시 덕진구 진버들4길,35.8360758,127.1634337
1738,소방청,전라북도 전주시 덕진구 온고을로,35.8483793,127.0865123
1739,소방청,전라북도 전주시 덕진구 과학로,35.8923147,127.1275832
1740,소방청,전라북도 전주시 완산구 거마평로,35.810092,127.1150905
1741,소방청,전라북도 전주시 완산구 우전로,35.8136624,127.1018678
1742,소방청,전라북도 전주시 완산구 경기전길,35.8136478,127.1512078
1743,소방청,전라북도 전주시 완산구 관선4길,35.8218854,127.1563241
1744,소방청,전라북도 전주시 완산구 평화로,35.7847458,127.132773
1745,소방청,전라북도 임실군 임실읍 감천로,35.6076185,127.290506
1746,소방청,전라북도 군산시 번영로 308,35.9382301,126.8476986
1747,소방청,전라북도 군산시 군산창길 1,35.9932782,126.708745
1748,소방청,전라북도 군산시 임해로 462,35.9788857,126.6477514
1749,소방청,전라북도 군산시 새만금북로 43,35.9438681,126.5413692
1750,소방청,전라북도 군산시 백토로 223,35.95911395,126.7047108
1751,소방청,전라북도 군산시 구암3.1로 147,35.9817071,126.7355372
1752,소방청,전라북도 군산시 산북로 71-11,35.9659333,126.6748697
1753,소방청,전라북도 군산시 대야면 대야관통로,35.9456026,126.8172492
1754,소방청,전라북도 익산시 무왕로 1338,35.930644,126.9182595
1756,소방청,전북 익산시 선화로 429,35.9500123,126.9374622
1759,소방청,전라북도 익산시 함열읍 함열중앙로,36.0777025,126.9655619
1760,소방청,전라북도 익산시 금마면 미륵사지로,36.0052666,127.0405339
1761,소방청,전라북도 정읍시 서부산업도로 507-5,35.5869098,126.8571371
1762,소방청,전라북도 정읍시 정읍남로 1421,35.54725,126.8279257
1764,소방청,전라북도 정읍시 영원면 영원로,35.6603757,126.7853392
1765,소방청,전라북도 정읍시 태산로 2165,35.581973,127.0126522
1766,소방청,전라북도 남원시 요천로 1965,35.43849,127.42074
1767,소방청,전라북도 남원시 인월면 황산로,35.4591422,127.5853683
1768,소방청,전라북도 남원시 금지면 요천로,35.3181315,127.298915
1769,소방청,전라북도 김제시 벽성로 278,35.809167,126.8973583
1771,소방청,전라북도 김제시 검산동 314-2,35.8053591,126.9091523
1773,소방청,전라북도 완주군 삼례읍 삼봉로,35.9179003,127.0837982
1774,소방청,전라북도 완주군 삼례읍 삼례역로,35.9104952,127.072602
1775,소방청,전라북도 완주군 고산면 고산로,35.9743867,127.2170839
1776,소방청,전라북도 완주군 이서면 지사제2로,35.8320635,127.0178739
1778,소방청,전라북도 진안군 마령면 임진로,35.7368497,127.367073
1779,소방청,전라북도 장수군 장계면 육십령로,35.72042,127.61262
1780,소방청,전라북도 무주군 무주읍 당산강변로,36.0047376,127.6614739
1781,소방청,전라북도 무주군 설천면 구천동1로,35.9023986,127.7772249
1782,소방청,전라북도 장수군 장수읍 호비로,35.6500648,127.5210618
1783,소방청,전라북도 순창군 순창읍 교성로,35.3715049,127.136098
1784,소방청,전라북도 고창군 고창읍 녹두로,35.434102,126.680089
1786,소방청,전라북도 고창군 흥덕면 문화2길,35.5173726,126.7026081
1787,소방청,전라북도 고창군 대산면 공음대산로,35.3385534,126.5998108
1788,소방청,전라북도 부안군 행안면 변산로,35.7296895,126.6969994
1790,소방청,전라남도 목포시 삼향천로 110,34.8064286,126.4338119
1791,소방청,전라남도 목포시 영산로 165,34.8195926,126.4214868
1793,소방청,전라남도 목포시 삼학로 218,34.7893765,126.3909351
1795,소방청,전라남도 여수시 망마로 20,34.7591213,127.6682841
1797,소방청,전라남도 여수시 소라면 여순로,34.8096823,127.626649
1799,소방청,전라남도 여수시 문수로 131(문수동),34.7569631,127.7079415
1803,소방청,전라남도 순천시 중앙로 19,34.9888572,127.4907162
1805,소방청,전라남도 순천시 연향1로 26,34.9449758,127.5226523
1807,소방청,전라남도 구례군 구례읍 양정4길,35.2030672,127.4664142
1810,소방청,전라남도 나주시 예향로 4201,34.9929715,126.7107413
1811,소방청,전라남도 나주시 이창택지길 6-13,34.9970052,126.7050242
1812,소방청,전라남도 나주시 남평읍 지석로,35.0409658,126.8484503
1813,소방청,전라남도 나주시 그린로 296,35.01311505,126.7960805
1814,소방청,전라남도 광양시 중마중앙로 109,34.94007405,127.6977004
1816,소방청,전남 광양시 광양읍 서천변로,34.9752436,127.5742515
1818,소방청,전라남도 담양군 담양읍 추성로,35.3198949,126.984361
1819,소방청,전남 담양군 고서면 창평현로,35.2229524,126.9756688
1820,소방청,전라남도 곡성군 곡성읍 학교로,35.2771969,127.2899391
1821,소방청,전라남도 곡성군 옥과면 리문6길,35.2757756,127.1369419
1822,소방청,전라남도 고흥군 풍양면 고흥로,34.5753038,127.2400049
1823,소방청,전라남도 고흥군 도양읍 녹동신항5길,34.5262253,127.1452901
1824,소방청,전라남도 고흥군 과역면 과역로,34.6882029,127.3371948
1825,소방청,전라남도 보성군 벌교읍 녹색로,34.8369078,127.3483249
1826,소방청,전라남도 보성군 보성읍 송재로,34.7724622,127.0809975
1827,소방청,전라남도 보성군 벌교읍 홍암로,34.8430318,127.3465132
1828,소방청,전라남도 화순군 화순읍 학포로,35.0501233,126.9671178
1829,소방청,전라남도 화순군 능주면 지석로,34.9981431,126.9337711
1830,소방청,전라남도 화순군 동복면 천변길,35.0701967,127.1256168
1831,소방청,전라남도 장흥군 장흥읍 북부로,34.6872478,126.9109862
1832,소방청,전라남도 장흥군 관산읍 관산우회로,34.5600403,126.9372312
1834,소방청,전라남도 강진군 성전면 송학리,34.6741252,126.740316
1836,소방청,전라남도 해남군 송지면 미야길,34.3846257,126.5169752
1837,소방청,전라남도 영암군 삼호읍 나불로,34.7695466,126.4477722
1838,소방청,전라남도 영암군 영암읍 월출로,34.79889,126.68567
1840,소방청,전라남도 무안군 무안읍 공항로,35.0074151,126.4452769
1841,소방청,전라남도 무안군 일로읍 삼일로,34.850135,126.4888607
1842,소방청,전라남도 무안군 해제면 현해로,35.1112035,126.2953642
1844,소방청,전라남도 함평군 대동면 함장로,35.0798001,126.5481286
1845,소방청,전라남도 함평군 나산면 함장로,35.0981453,126.5813668
1846,소방청,전라남도 영광군 영광읍 함영로,35.2645128,126.509761
1847,소방청,전라남도 영광군 홍농읍 홍농로,35.3971735,126.4479058
1848,소방청,전라남도 장성군 장성읍 단풍로,35.3417758,126.8159039
1849,소방청,전라남도 장성군 삼계면 영장로,35.2548344,126.6698864
1850,소방청,전라남도 완도군 완도읍 농공단지길,34.3377843,126.7349011
1851,소방청,전라남도 완도군 고금면 고금동로,34.40158,126.83215
1852,소방청,전라남도 진도군 진도대로 6945,34.5344111,126.2994392
1856,소방청,경상북도 포항시 북구 중앙로,36.0484407,129.3631031
1857,소방청,경상북도 포항시 북구 삼호로,36.0427183,129.3675923
1858,소방청,경상북도 포항시 북구 흥해읍,36.1126,129.35397
1859,소방청,경상북도 포항시 북구 법원로,36.0817098,129.3855184
1860,소방청,경상북도 포항시 북구 기계면,36.08404,129.18284
1861,소방청,경상북도 포항시 남구 동해안로,35.9914379,129.4379353
1862,소방청,경상북도 포항시 남구 중앙로,36.0237466,129.3682536
1863,소방청,경상북도 포항시 남구 철강로,35.9851339,129.3655337
1864,소방청,경상북도 포항시 남구 연일읍,35.99816,129.32687
1865,소방청,경상북도 포항시 남구 지곡로212번길,36.0263736,129.3264646
1866,소방청,경상북도 포항시 남구 오천읍,35.93673,129.40736
1867,소방청,경상북도 포항시 남구 구룡포읍,35.98434,129.53674
1868,소방청,경상북도 울릉군 울릉읍 울릉순환로,37.4764258,130.8931173
1869,소방청,경상북도 경주시 알천남로 276,35.8413918,129.2364842
1870,소방청,경상북도 경주시 중앙로 59,35.8432463,129.2116586
1871,소방청,경상북도 경주시 경감로 587-8,35.8331602,129.2926403
1872,소방청,경상북도 경주시 안강읍 안강중앙로,35.9932552,129.2173644
1873,소방청,경상북도 경주시 감포읍 동해안로,35.78871,129.49064
1874,소방청,경상북도 경주시 외동읍 입실로1길,35.7147985,129.3268933
1875,소방청,경상북도 경주시 건천읍 내서로,35.8244646,129.1311149
1876,소방청,경상북도 경주시 공단로 25,35.8733799,129.2199469
1877,소방청,경상북도 경주시 불국신택지4길 4,35.7843574,129.3266715
1879,소방청,경상북도 김천시 영남대로 1246,36.118403,128.1465379
1880,소방청,경상북도 김천시 공단로 152-36,36.1388985,128.1394378
1881,소방청,경상북도 김천시 지례면 장터길,35.9875035,128.0291773
1883,소방청,경상북도 김천시 혁신7로 46,36.1259404,128.1784456
1884,소방청,경상북도 안동시 육사로 301,36.5584306,128.721505
1885,소방청,경상북도 안동시 마들6길 27,36.55048,128.76109
1886,소방청,경상북도 안동시 풍산읍 풍산태사로,36.5871116,128.5517043
1887,소방청,경상북도 안동시 광명로 85,36.5577577,128.6905016
1888,소방청,경상북도 안동시 도산면 퇴계로,36.72094,128.83038
1889,소방청,경상북도 청송군 청송읍 길안청송로,36.43432,129.03854
1890,소방청,경상북도 청송군 진보면 청송로,36.5055297,129.0355295
1892,소방청,경상북도 영양군 입암면 입암로,36.59885,129.08678
1893,소방청,경상북도 구미시 수출대로 112,36.1108886,128.3756152
1894,소방청,경상북도 구미시 백산로 207,36.1234589,128.3365996
1895,소방청,경상북도 구미시 산업로 174,36.1300028,128.3388905
1896,소방청,경상북도 구미시 봉곡동로 48,36.1536205,128.3148572
1897,소방청,경상북도 구미시 이계북로 147,36.1055788,128.4023045
1898,소방청,경상북도 구미시 선산읍 선산대로,36.238238,128.3027271
1899,소방청,경상북도 구미시 고아읍 선산대로,36.2147527,128.3200111
1900,소방청,경상북도 구미시 해평면 강동로,36.2421,128.35007
1901,소방청,경상북도 구미시 상림로 45,36.1016223,128.3630006
1904,소방청,경상북도 영주시 선비로 181,36.8300684,128.6151256
1905,소방청,경상북도 영주시 풍기읍 기주로,36.8703447,128.5248245
1906,소방청,경상북도 봉화군 봉화읍 문수로,36.9195187,128.7385881
1907,소방청,경상북도 봉화군 춘양면 소천로,36.9217843,128.9205138
1908,소방청,경상북도 봉화군 명호면 도천길,36.8578256,128.9002532
1909,소방청,경상북도 영천시 호국로 187,35.9901865,128.9985253
1910,소방청,경상북도 영천시 한방로 176-0,35.9431999,128.9300562
1912,소방청,경상북도 영천시 신녕면 어릿골길,36.0446217,128.774413
1913,소방청,경상북도 상주시 상산로 322,36.3981763,128.1581772
1914,소방청,경상북도 상주시 함창읍 가야로,36.5667688,128.1785561
1915,소방청,경상북도 상주시 청리면 마공공단로,36.3215098,128.1266267
1916,소방청,경상북도 상주시 화서면 상현무동길,36.4481405,127.9450285
1917,소방청,경상북도 문경시 중앙로 305,36.601023,128.2027179
1918,소방청,경상북도 문경시 모전로 173,36.5999814,128.1865896
1919,소방청,경상북도 문경시 가은읍 가은로,36.64067,128.05875
1920,소방청,경상북도 문경시 문경읍 새재로,36.7567366,128.0781913
1921,소방청,경상북도 경산시 압량읍 김유신로,35.8399408,128.7694908
1922,소방청,경상북도 경산시 장산로 143,35.8184513,128.7411369
1923,소방청,경상북도 경산시 펜타힐즈4로 1,35.8306433,128.7200198
1924,소방청,경상북도 경산시 하양읍 대경로,35.8997332,128.7954106
1925,소방청,경북 경산시 진량읍 공단2로,35.8715009,128.8249284
1926,소방청,경상북도 경산시 자인면 금학로,35.8204817,128.8238024
1928,소방청,경상북도 의성군 의성읍 홍술로,36.3562737,128.6935168
1929,소방청,경상북도 의성군 안계면 안계길,36.38425,128.4375462
1931,소방청,경상북도 군위군 의흥면 읍내길,36.1749887,128.7157953
1932,소방청,경상북도 영덕군 영덕읍 경동로,36.4157398,129.372212
1933,소방청,경상북도 영덕군 강구면 강산로,36.37763,129.33342
1934,소방청,경상북도 영덕군 영해면 창수영해로,36.5422441,129.3635222
1935,소방청,경상북도 청도군 청도읍 중앙로,35.6433744,128.746199
1936,소방청,경상북도 청도군 풍각면 송서로,35.639386,128.6193526
1937,소방청,경상북도 청도군 금천면 청려로,35.6945122,128.8881907
1939,소방청,경상북도 고령군 다산면 다산로,35.8146633,128.4312497
1940,소방청,경상북도 성주군 성주읍 주산로,35.9317817,128.2998771
1942,소방청,경상북도 칠곡군 기산면 칠곡대로,35.9927198,128.3872542
1943,소방청,경상북도 칠곡군 북삼읍 안산2길,36.0663159,128.3366236
1944,소방청,경상북도 칠곡군 석적읍 유학로,36.0791924,128.4123174
1945,소방청,경상북도 칠곡군 왜관읍 공단로,35.9771037,128.4263727
1947,소방청,경상북도 칠곡군 동명면 한티로,35.9839718,128.5834491
1948,소방청,경상북도 예천군 예천읍 양궁로,36.6477714,128.4616763
1949,소방청,경상북도 예천군 지보면 지보로,36.54403,128.38695
1950,소방청,경상북도 예천군 호명면 도청대로,36.5730862,128.4940079
1951,소방청,경상북도 울진군 울진읍 울진북로,37.0132541,129.402585
1952,소방청,경상북도 울진군 죽변면 하죽로,37.05396,129.38071
1953,소방청,경상북도 울진군 북면 장터길,37.1019012,129.3749156
1955,소방청,경상북도 울진군 온정면 백암온천로,36.72329,129.41392
1956,소방청,경상남도 진주시 동진로 249,35.1793886,128.1528881
1957,소방청,경남 양산시 신기로 13,35.3568123,129.0444284
1959,소방청,경상남도 진주시 순환로 565,35.1441007,128.0947596
1960,소방청,경상남도 진주시 문산읍 월아산로,35.1792036,128.1553801
1963,소방청,경상남도 통영시 원문로 71,34.85925515,128.4208257
1964,소방청,경상남도 통영시 중앙로 91-8,34.8598678,128.4289015
1966,소방청,경상남도 사천시 남일로 29,34.9332925,128.0798148
1967,소방청,경상남도 사천시 사천읍 무산로,35.0889751,128.0901642
1969,소방청,경상남도 사천시 곤양면 곤북로,35.05468,127.94721
1970,소방청,경상남도 김해시 김해대로 2507,35.2290559,128.9197533
1971,소방청,경상남도 김해시 구지로 179,35.2386989,128.880135
1972,소방청,경상남도 김해시 내외로 77,35.23493475,128.8655514
1973,소방청,경상남도 김해시 상동면 상동로,35.3148665,128.9547416
1974,소방청,경상남도 김해시 생림면 봉림로,35.3306468,128.8477448
1975,소방청,경상남도 김해시 해반천로 166,35.2638556,128.86693
1976,소방청,경상남도 김해시 대동면 동남로,35.254258,128.9993964
1977,소방청,경상남도 김해시 진례면 서부로,35.221948,128.7873559
1978,소방청,경상남도 김해시 번화2로 12,35.1893155,128.8064319
1979,소방청,경상남도 김해시 진영읍 장등로,35.3121087,128.7329764
1981,소방청,경상남도 김해시 한림면 한림로,35.3169685,128.8075473
1982,소방청,경상남도 김해시 율하4로 112,35.1781252,128.824234
1983,소방청,경상남도 밀양시 밀양대공원로 66,35.5019652,128.757759
1984,소방청,경상남도 밀양시 용두로 5,35.4786637,128.7652973
1985,소방청,경상남도 밀양시 하남읍 명례로,35.3566261,128.7597524
1986,소방청,경상남도 밀양시 삼랑진읍 삼랑진로,35.4230241,128.8109858
1988,소방청,경상남도 밀양시 무안면 사명로,35.47679,128.65559
1989,소방청,경상남도 거제시 진목로 1,34.89615145,128.6861734
1990,소방청,경상남도 거제시 능포로 77,34.8713638,128.7289409
1991,소방청,경상남도 거제시 계룡로 52,34.87581695,128.6268709
1992,소방청,경상남도 거제시 거제면 거제남서로,34.8286,128.51814
1994,소방청,경상남도 거제시 동부면 거제대로,34.7826902,128.6590355
1995,소방청,경상남도 거제시 사등면 덕호해안길,34.8786451,128.4747647
1996,소방청,경상남도 양산시 물금읍 황산로,35.3389649,129.0196027
1997,소방청,경상남도 양산시 신기로 13,35.3568123,129.0444284
1998,소방청,경상남도 양산시 웅상대로 1120,35.3980097,129.1624805
1999,소방청,경상남도 양산시 하북면 양산대로,35.4851,129.08581
2001,소방청,경상남도 양산시 내연4길 9,35.3752765,129.1468517
2002,소방청,경상남도 양산시 석계로 37,35.4092071,129.0617401
2003,소방청,경상남도 의령군 의령읍 의병로,35.3191965,128.2572271
2004,소방청,경상남도 의령군 부림면 대한로,35.4642496,128.3129093
2007,소방청,경상남도 함안군 군북면 함마대로,35.27736,128.32102
2008,소방청,경상남도 창녕군 대지면 우포2로,35.5489583,128.4819316
2010,소방청,경상남도 창녕군 영산면 영산장마로,35.458831,128.4942109
2011,소방청,경상남도 창녕군 부곡면 원앙로,35.4364002,128.5929645
2012,소방청,경상남도 고성군 고성읍 남해안대로,34.9935619,128.3280286
2013,소방청,경남 고성군 회화면 영회로,35.07461,128.34788
2014,소방청,경상남도 고성군 거류면 봉암,35.0063323,128.4029606
2015,소방청,경상남도 남해군 남해읍 스포츠로,34.825931,127.8917647
2016,소방청,경상남도 남해군 삼동면 동부대로,34.7949864,128.0463157
2017,소방청,경상남도 남해군 미조면 동부대로,34.7399909,128.0431018
2018,소방청,경상남도 하동군 금성면 금성로,34.9609308,127.7860106
2020,소방청,경상남도 하동군 진교면 진양로,35.0338399,127.8736952
2022,소방청,경상남도 산청군 산청읍 중앙로,35.4146159,127.8854428
2024,소방청,경상남도 함양군 함양읍 고운로,35.5201703,127.72609
2025,소방청,경상남도 함양군 안의면 금성길,35.6295809,127.8104733
2026,소방청,경상남도 거창군 거창읍 거함대로,35.6882248,127.8853435
2027,소방청,경상남도 거창군 위천면 원학길,35.748902,127.8338267
2029,소방청,경상남도 합천군 합천읍 인덕로,35.58873,128.14678
2030,소방청,경상남도 합천군 초계면 양동로,35.5471749,128.2539719
2032,소방청,경상남도 합천군 삼가면 삼가로,35.4191559,128.1310727
2033,소방청,제주특별자치도 제주시 중앙로 342,33.491093,126.53681
2034,소방청,제주특별자치도 제주시 탑동로 101,33.5135137,126.5181572
2035,소방청,제주특별자치도 제주시 서광로2길 24,33.4956749,126.5189356
2036,소방청,제주특별자치도 제주시 문송길 14,33.486129,126.4986581
2037,소방청,제주특별자치도 제주시 임항로 146,33.5197222,126.5388889
2038,소방청,제주특별자치도 제주시 동화로1길 3,33.5181186,126.5775655
2039,소방청,제주특별자치도 제주시 광평동로 2,33.481,126.47215
2046,소방청,제주특별자치도 제주시 한림읍 한림중앙로,33.3972111,126.2724851
2047,소방청,제주특별자치도 제주시 애월읍 일주서로,33.467995,126.3594664
2048,소방청,제주특별자치도 서귀포시 대정읍 일주서로,33.2317889,126.2631336
2049,소방청,제주특별자치도 제주시 한경면 일주서로,33.3410685,126.1822585
2050,소방청,제주특별자치도 서귀포시 안덕면 화순서서로,33.2667047,126.3252672
2052,소방청,제주특별자치도 서귀포시 성산읍 일주동로,33.4094625,126.8981539
2056,소방청,제주특별자치도 서귀포시 표선면 표선관정로,33.3271893,126.8269136
2057,소방청,경상남도 창원시 진해구 진해대로,35.1152242,128.8024887
2058,소방청,경상남도 창원시 진해구 백구로,35.147749,128.661203
2059,소방청,경상남도 창원시 진해구 충장로,35.1529806,128.679332
2060,소방청,경상남도 창원시 진해구 남의로,35.1159212,128.7935773
2061,소방청,경상남도 창원시 진해구 용원로,35.0980623,128.8218424
2062,소방청,경상남도 창원시 의창구 의안로44번길,35.2655282,128.6266257
2063,소방청,경상남도 창원시 봉곡동 지귀로,35.2470663,128.6538904
2064,소방청,경상남도 창원시 의창구 창원대로204번길,35.2430796,128.6227783
2065,소방청,경상남도 창원시 의창구 동읍,35.2846792,128.6825452
2066,소방청,경상남도 창원시 의창구 북면,35.3477739,128.6070741
2067,소방청,경상남도 창원시 의창구 대산면,35.3353597,128.7082539
2068,소방청,경남 창원시 성산구 상남로,35.2211914,128.6808062
2070,소방청,경상남도 창원시 성산구 대정로,35.2117007,128.7054965
2071,소방청,경남 창원시 성산구 두대로55번길,35.2325692,128.6509282
2072,소방청,경상남도 창원시 성산구 봉양로,35.2112422,128.6222694
2073,소방청,경상남도 창원시 마산합포구 제2부두로,35.1973466,128.5750763
2074,소방청,경남 창원시 마산합포구 남성로,35.2046937,128.5737375
2075,소방청,경상남도 창원시 마산합포구 진북면,35.1154999,128.4674489
2076,소방청,경상남도 창원시 마산회원구 양덕옛1길,35.2265334,128.574654
2077,소방청,경상남도 창원시 마산회원구 자유무역1길,35.2127043,128.5886959
2078,소방청,경상남도 창원시 마산회원구 팔용로,35.2459481,128.5937779
2079,소방청,경상남도 창원시 마산회원구 내서읍,35.246768,128.5076326
2080,소방청,경상남도 창원시 마산회원구 내서읍,35.246768,128.5076326
2081,소방청,경상남도 창원시 마산합포구 구산면,35.1196949,128.5807939
2082,해양경찰청,부산광역시 사하구 감천항로 35,35.0757575,128.9904616
2083,해양경찰청,경상북도 경주시 감포읍 감포항구길,35.8075531,129.5036372
2084,해양경찰청,경상북도 영덕군 강구면 영덕대게로,36.3891845,129.4070117
2086,해양경찰청,인천광역시 강화군 내가면 해안서로,37.7100286,126.3552091
2088,해양경찰청,경상남도 거제시 남부면 대포길,34.7161926,128.5878419
2089,해양경찰청,강원도 고성군 거진읍 거진항1길,38.448346,128.458743
2090,해양경찰청,경상남도 고성군 고성읍 공룡로,34.9622403,128.3186213
2092,해양경찰청,경상남도 거제시 장평1로 62-26,34.8930324,128.6082307
2093,해양경찰청,부산광역시 수영구 민락수변로 92,35.1568291,129.1346951
2094,해양경찰청,전라남도 광양시 항만9로 89,34.9225091,127.6955732
2095,해양경찰청,경상북도 포항시 남구 구룡포읍,35.98434,129.53674
2096,해양경찰청,부산광역시 기장군 기장읍 기장해안로,35.2183328,129.2243128
2097,해양경찰청,전라남도 고흥군 봉래면 나로도항길,34.4637966,127.4540524
2099,해양경찰청,부산광역시 서구 해안새벽시장길 89,35.0936891,129.0250661
2102,해양경찰청,전라남도 완도군 노화읍 노화로,34.1842868,126.5755843
2103,해양경찰청,전라남도 고흥군 도양읍 비봉로,34.5258,127.1354422
2104,해양경찰청,부산광역시 사하구 다대동로 10,35.0574206,128.973153
2105,해양경찰청,충청남도 당진시 석문면 장고항로,37.0100976,126.5556589
2106,해양경찰청,경기도 안산시 단원구 대부황금로,37.3162237,126.6233983
2108,해양경찰청,충청남도 보령시 대천항중앙길 54,36.3267591,126.5099658
2109,해양경찰청,인천광역시 옹진군 대청면 대청로,37.831137,124.7124302
2112,해양경찰청,전라남도 강진군 마량면 미항로,34.4540691,126.8155922
2113,해양경찰청,경상남도 창원시 마산합포구 제2부두로,35.1973466,128.5750763
2114,해양경찰청,부산광역시 강서구 명지동 802,35.1071356,128.9179423
2116,해양경찰청,강원도 동해시 일출로 92-52,37.561536,129.1196175
2117,해양경찰청,울산광역시 동구 성끝길 2-1,35.48324215,129.4310028
2118,해양경찰청,인천광역시 옹진군 백령면 백령로,37.9741472,124.697356
2120,해양경찰청,전라남도 여수시 어항단지로 116,34.7316305,127.7291106
2123,해양경찰청,경상남도 사천시 어시장길 118,34.9275788,128.0720243
2125,해양경찰청,전라북도 군산시 옥도면 새만금로,35.7306727,126.5265413
2126,해양경찰청,제주특별자치도 서귀포시 칠십리로 56,33.2458922,126.5718679
2127,해양경찰청,전라남도 목포시 해안로148번길 6,34.7812788,126.3822938
2129,해양경찰청,강원도 속초시 설악금강대교로 97,38.2082913,128.5938712
2130,해양경찰청,부산광역시 해운대구 송정동 134-14,35.1836256,129.2021692
2133,해양경찰청,경기도 시흥시 오이도로 175,37.347072,126.7010158
2134,해양경찰청,경상남도 창원시 진해구 안골로,35.0995214,128.8077884
2135,해양경찰청,경기도 안산시 단원구 대부황금로,37.3162237,126.6233983
2136,해양경찰청,인천광역시 옹진군 연평면 연평로,37.6543336,125.7112312
2138,해양경찰청,부산광역시 영도구 하리해안길 17-18,35.0689128,129.0813035
2139,해양경찰청,경상북도 포항시 북구 흥해읍,36.1126,129.35397
2140,해양경찰청,인천광역시 옹진군 영흥면 영흥로,37.2566296,126.4829172
2141,해양경찰청,충청남도 보령시 오천면 오천해안로,36.4382228,126.5200066
2142,해양경찰청,전라남도 완도군 완도읍 장보고대로,34.3249896,126.7409124
2143,해양경찰청,경상북도 울릉군 울릉읍 울릉순환로,37.4764258,130.8931173
2146,해양경찰청,인천광역시 중구 축항대로 64-16,37.4618423,126.600662
2148,해양경찰청,경상남도 거제시 장승포로 56-14,34.86744965,128.728486
2149,해양경찰청,충청남도 서천군 장항읍 장산로,36.0030863,126.7188632
2150,해양경찰청,제주특별자치도 제주시 서부두길 12,33.5170219,126.5278346
2153,해양경찰청,전라남도 신안군 지도읍 송도2길,35.04285345,126.2048776
2154,해양경찰청,전라남도 진도군 임회면 서망항길,34.36695,126.13695
2155,해양경찰청,울산광역시 울주군 서생면 나루터3길,35.3900164,129.3443331
2156,해양경찰청,경상남도 창원시 진해구 태평로,35.1461372,128.6600798
2158,해양경찰청,경상북도 영덕군 축산면 축산항5길,36.509025,129.446726
2159,해양경찰청,경상남도 통영시 통영해안로 200,34.8421791,128.4242909
2161,해양경찰청,경상북도 포항시 북구 해동로,36.0337228,129.3706712
2162,해양경찰청,인천광역시 중구 잠진도길 11,37.421859,126.4182467
2163,해양경찰청,충청남도 태안군 원북면 옥파로,36.8433986,126.2375851
2164,해양경찰청,제주특별자치도 제주시 한림읍 한림해안로,33.4112312,126.2572453
2165,해양경찰청,전라북도 군산시 내항2길 111,35.9927354,126.7106556
2166,해양경찰청,경상북도 포항시 남구 호미곶면,36.05571,129.55336
2167,해양경찰청,충청남도 홍성군 서부면 남당항로213번길,36.5396211,126.4699026
2170,해양경찰청,전라남도 장흥군 회진면 가학회진로,34.4744675,126.9373522
2171,해양경찰청,경상북도 울진군 후포면 울진대게로,36.6757932,129.4428829
2173,해양경찰청,강원도 강릉시 창해로14번길 55-37,37.7719482,128.9481104
2174,해양경찰청,경기도 김포시 대곶면 대명항1로,37.6427486,126.547604
2176,해양경찰청,강원 강릉시 창해로 339,37.784211,128.9311327
2177,해양경찰청,강원도 속초시 대포항희망길 23,38.1690529,128.6069489
2180,해양경찰청,경상남도 거제시 동부면 거제남서로,34.8257578,128.605693
2181,해양경찰청,강원도 고성군 죽왕면 가진해변길,38.3730544,128.5042395
2186,해양경찰청,경상남도 창원시 마산합포구 진동면,35.1157901,128.4842489
2188,해양경찰청,강원도 고성군 죽왕면 공현진해변길,38.3541746,128.5104803
2189,해양경찰청,경상남도 창원시 마산합포구 진동면,35.1157901,128.4842489
2190,해양경찰청,경상북도 영덕군 남정면 구계길,36.3166768,129.3783404
2192,해양경찰청,경상남도 창원시 마산합포구 구산면,35.1196949,128.5807939
2194,해양경찰청,경상남도 거제시 일운면 구조라로,34.8036598,128.6963957
2195,해양경찰청,전라남도 여수시 어항단지로 18,34.7316305,127.7291106
2196,해양경찰청,충청남도 홍성군 서부면 남당항로,36.5685048,126.4680859
2197,해양경찰청,전라남도 완도군 금당면 금당로,34.4347095,127.0625044
2199,해양경찰청,강원도 강릉시 옥계면 헌화로,37.6215267,129.0362983
2200,해양경찰청,전라남도 여수시 돌산읍 평사로,34.6589279,127.7344589
2203,해양경찰청,울산광역시 울주군 서생면 나사해안길,35.3563926,129.3420947
2207,해양경찰청,강원도 양양군 현남면 매바위길,37.9457884,128.7853617
2209,해양경찰청,인천광역시 중구 항동7가 27-175,37.45443,126.61033
2213,해양경찰청,경상남도 거제시 남부면 다대5길,34.7331001,128.6301346
2214,해양경찰청,충청남도 서천군 비인면 갯벌체험로,36.1329625,126.5848962
2215,해양경찰청,경상남도 고성군 거류면 당동5길,34.9895694,128.4069391
2216,해양경찰청,전라남도 완도군 약산면 당목길,34.3816987,126.9404155
2217,해양경찰청,울산광역시 북구 용바위1길 41,35.5817746,129.4562091
2219,해양경찰청,경상북도 경주시 감포읍 동해안로,35.78871,129.49064
2220,해양경찰청,강원도 고성군 현내면 대진항길,38.4934245,128.4288458
2221,해양경찰청,경상북도 영덕군 영해면 영덕대게로,36.5617882,129.4304782
2222,해양경찰청,강원도 동해시 대진항길 61,37.5800766,129.1136025
2223,해양경찰청,제주특별자치도 서귀포시 이어도로 160,33.2396214,126.4388677
2224,해양경찰청,부산광역시 강서구 가덕해안로1207번길 20,35.011803,128.8276498
2226,해양경찰청,인천광역시 옹진군 덕적면 덕적북로518번길,37.2532484,126.1188975
2228,해양경찰청,경상북도 울릉군 울릉읍 도동1길,37.482891,130.9072867
2232,해양경찰청,부산광역시 강서구 르노삼성대로 568,35.0888623,128.8427698
2233,해양경찰청,강원도 속초시 동명항길 57,38.211831,128.6010411
2234,해양경찰청,전라남도 목포시 삼학로 88,34.7893765,126.3909351
2235,해양경찰청,부산광역시 해운대구 마린시티1로 178,35.1592021,129.1429798
2238,해양경찰청,경상북도 포항시 북구 해안로,36.0917287,129.4173618
2242,해양경찰청,경상남도 창원시 마산합포구 수산1길,35.2012887,128.57767
2243,해양경찰청,인천광역시 동구 만석부두로 43,37.4899761,126.6231732
2244,해양경찰청,전라남도 광양시 진월면 망덕길,34.9786035,127.7608979
2247,해양경찰청,제주특별자치도 서귀포시 대정읍 최남단해안로,33.2054538,126.2647884
2248,해양경찰청,경상북도 포항시 남구 장기면,35.90656,129.4929
2249,해양경찰청,충청남도 태안군 남면 몽대로,36.6885809,126.2731583
2252,해양경찰청,강원도 양양군 강현면 동해대로,38.1412296,128.6135195
2253,해양경찰청,경상북도 포항시 남구 동해면,35.99295,129.48454
2254,해양경찰청,전라남도 고흥군 도화면 충무사길,34.48727,127.33992
2255,해양경찰청,충청남도 태안군 안면읍 방포항길,36.5055158,126.3365475
2257,해양경찰청,충청남도 서산시 대산읍 가로림로,36.9508671,126.3795143
2258,해양경찰청,전라남도 영광군 법성면 굴비로1길,35.3611808,126.4374087
2259,해양경찰청,전라남도 완도군 보길면 보길동로,34.1625505,126.5714656
2260,해양경찰청,전라남도 여수시 어항단지로 218,34.7316305,127.7291106
2261,해양경찰청,강원도 고성군 토성면 봉포해변길,38.2473695,128.5702489
2262,해양경찰청,부산광역시 서구 충무대로 202,35.0864782,129.0246614
2267,해양경찰청,경상북도 울진군 기성면 사동1길,36.8293945,129.4442611
2268,해양경찰청,경상북도 울릉군 울릉읍 울릉순환로,37.4764258,130.8931173
2269,해양경찰청,경상남도 통영시 사량면 진촌2길,34.8447933,128.2208361
2272,해양경찰청,전라남도 장흥군 회진면 가학회진로,34.4744675,126.9373522
2273,해양경찰청,전라남도 완도군 노화읍 노화서로,34.1922247,126.5710995
2274,해양경찰청,경상남도 통영시 산양읍 산양일주로,34.8029546,128.4313664
2275,해양경찰청,경상남도 남해군 삼동면 동부대로1030번길,34.7926073,128.0499486
2277,해양경찰청,경상남도 사천시 유람선길 130,34.9292784,128.0635087
2281,해양경찰청,전라남도 진도군 조도면 서거차도1길,34.2548134,125.9136065
2284,해양경찰청,경상남도 남해군 서면 남서대로,34.8584,127.81761
2286,해양경찰청,경상남도 남해군 남해읍 선소로,34.8480295,127.907159
2287,해양경찰청,인천광역시 강화군 화도면 해안남로2845번길,37.6398547,126.3916146
2290,해양경찰청,전라남도 영광군 염산면 향화로5길,35.2118653,126.375913
2291,해양경찰청,경상남도 거제시 사등면 성포로3길,34.9218837,128.5257622
2292,해양경찰청,제주특별자치도 제주시 구좌읍 해맞이해안로,33.5385084,126.8367709
2294,해양경찰청,인천광역시 남동구 장도로 86-18,37.4004267,126.7372495
2298,해양경찰청,전라남도 여수시 소호1길 41,34.7493219,127.6558044
2299,해양경찰청,전라남도 신안군 압해읍 압해로,34.856871,126.3377078
2300,해양경찰청,부산광역시 서구 송도해변로 10-3,35.0797025,129.022112
2301,해양경찰청,충청남도 서천군 장항읍 장항산단로11번길,36.0290716,126.6654533
2303,해양경찰청,강원도 고성군 죽왕면 심층수길,38.330819,128.5266884
2305,해양경찰청,충청남도 홍성군 서부면 홍보로,36.539088,126.5012893
2309,해양경찰청,부산광역시 해운대구 우동 1197,35.1618397,129.1427761
2311,해양경찰청,강원도 고성군 토성면 아야진해변길,38.2676465,128.5553415
2315,해양경찰청,제주특별자치도 제주시 애월읍 애월해안로,33.471435,126.3433608
2317,해양경찰청,경상북도 포항시 남구 장기면,35.90656,129.4929
2318,해양경찰청,강원도 동해시 일출로 214,37.561536,129.1196175
2319,해양경찰청,전라남도 해남군 송지면 어란로,34.3667147,126.5120511
2324,해양경찰청,충청남도 태안군 고남면 영목항로,36.4007049,126.4260517
2325,해양경찰청,강원도 삼척시 오분1길 74,37.4312345,129.1883907
2326,해양경찰청,경상북도 울진군 매화면 망양정로,36.8843176,129.415373
2327,해양경찰청,경상남도 창원시 마산합포구 구산면,35.1196949,128.5807939
2328,해양경찰청,경상남도 거제시 옥포로2길 17,34.8910162,128.6964022
2329,해양경찰청,울산광역시 울주군 온산읍 당목길,35.4429295,129.3559868
2335,해양경찰청,경상남도 거제시 장목면 외포5길,34.942167,128.7177986
2336,해양경찰청,경상남도 통영시 욕지면 욕지일주로,34.6442828,128.2571405
2337,해양경찰청,인천광역시 옹진군 백령면 백령로,37.9741472,124.697356
2338,해양경찰청,전라남도 고흥군 도덕면 고흥만로,34.5677142,127.1766869
2339,해양경찰청,부산광역시 남구 분포로 101,35.13537,129.1117173
2340,해양경찰청,제주특별자치도 제주시 우도면 우도해안길,33.5136063,126.9575598
2342,해양경찰청,전라남도 여수시 남면 금오로,34.5307426,127.7661971
2343,해양경찰청,충청남도 서천군 장항읍 장산로,36.0030863,126.7188632
2344,해양경찰청,경남 창원시 마산합포구 구산면,35.1196949,128.5807939
2345,해양경찰청,경기도 시흥시 월곶해안로 211,37.3915328,126.7360975
2346,해양경찰청,부산광역시 기장군 장안읍 월내해안길,35.3264146,129.2797543
2347,해양경찰청,인천광역시 중구 월미문화로 18,37.4772659,126.5989588
2349,해양경찰청,전라남도 보성군 회천면 남부관광로,34.68408,127.08854
2350,해양경찰청,경상북도 경주시 양남면 양남항구길,35.6964103,129.4751805
2351,해양경찰청,충청남도 태안군 소원면 송의로,36.8055608,126.1687637
2352,해양경찰청,경상북도 포항시 북구 청하면,36.19293,129.33766
2353,해양경찰청,울산광역시 동구 일산진11길 150,35.5000667,129.4350094
2354,해양경찰청,경상북도 포항시 남구 동해면,35.99295,129.48454
2355,해양경찰청,전라남도 신안군 임자면 전장포길,35.1163793,126.116441
2356,해양경찰청,전라남도 여수시 돌산읍 향일암로,34.6396561,127.7876968
2357,해양경찰청,전라남도 여수시 돌산읍 돌산로,34.6776548,127.7645474
2358,해양경찰청,부산광역시 사하구 하신중앙로53번길 67,35.0824277,128.9598678
2359,해양경찰청,경상남도 거제시 장목면 장목7길,34.9896402,128.6815788
2361,해양경찰청,강원도 속초시 장사항해안길 46,38.2218778,128.5899833
2364,해양경찰청,경상남도 거제시 남부면 저구해안길,34.7321655,128.6074912
2368,해양경찰청,울산광역시 동구 주전해안길 73,35.5580309,129.4577514
2369,해양경찰청,부산광역시 영도구 절영로 438,35.0840163,129.0418481
2370,해양경찰청,전라남도 여수시 이순신광장로 184-1,34.7389904,127.74461
2371,해양경찰청,경상남도 거제시 일운면 지세포해안로,34.8374853,128.7012308
2373,해양경찰청,경상남도 남해군 창선면 동부대로2964번길,34.9157735,128.0308731
2374,해양경찰청,경상북도 영덕군 영덕읍 영덕대게로,36.4685589,129.4350989
2375,해양경찰청,인천광역시 강화군 하점면 창후로,37.7645418,126.3659534
2376,해양경찰청,충청남도 태안군 근흥면 용도로,36.7135628,126.2296768
2378,해양경찰청,경상북도 울릉군 북면 울릉순환로,37.5341731,130.8500227
2379,해양경찰청,부산광역시 강서구 가덕해안로 781-3,35.0137288,128.8290044
2380,해양경찰청,부산광역시 해운대구 청사포로128번길 25,35.1609787,129.1919426
2381,해양경찰청,전라남도 완도군 청산면 청산로,34.2069794,126.8928448
2382,해양경찰청,부산광역시 영도구 해양로 53,35.093842,129.0681125
2387,해양경찰청,경상남도 사천시 팔포3길 56-45,34.9269133,128.0760396
2392,해양경찰청,부산광역시 사하구 신평동 566-24,35.097,128.95831
2394,해양경찰청,경상남도 거제시 동부면 학동6길,34.7724943,128.6399032
2395,해양경찰청,부산광역시 기장군 일광읍 학리등대로,35.2587794,129.2445469
2396,해양경찰청,충청남도 보령시 천북면 염생이길,36.4585059,126.493264
2397,해양경찰청,경상남도 통영시 한산면 한산일주로,34.7606692,128.4826171
2399,해양경찰청,제주특별자치도 제주시 임항로 111,33.5193807,126.5352188
2400,해양경찰청,경상남도 거제시 남부면 도장포1길,34.7420988,128.6627553
2401,해양경찰청,전라북도 군산시 내항2길 318-7,35.9899613,126.7137725
2402,해양경찰청,부산광역시 해운대구 달맞이길62번길 42,35.1603786,129.1709611
2403,해양경찰청,강원도 동해시 임항로 130,37.5384845,129.1070358
2404,해양경찰청,경상북도 울릉군 북면 울릉순환로,37.5341731,130.8500227
2405,해양경찰청,경상북도 포항시 남구 희망대로,36.0093731,129.3526017
2409,해양경찰청,인천광역시 서구 검암동 468,37.56569,126.67546
